A,B,_LANES,_FT,_ROUTENUM,_ROUTEDIR
8442,8499,2,7,0,
8442,8562,2,7,0,
8499,8442,2,7,0,
8562,8442,2,7,0,
1453,10099,7,6,1,N
4850,5356,1,7,1,N
4917,4850,1,7,1,N
4918,4947,1,7,1,N
4919,4918,1,7,1,N
4920,4919,1,7,1,N
4947,4917,1,7,1,N
5330,6474,1,7,1,N
5356,5330,1,7,1,N
5377,5382,1,4,1,N
5379,5388,1,4,1,N
5380,5379,1,4,1,N
5381,5380,1,4,1,N
5382,5381,1,4,1,N
5388,5398,1,4,1,N
5397,5400,1,4,1,N
5398,5397,1,4,1,N
5400,5403,1,4,1,N
5403,5451,1,4,1,N
5451,5460,1,4,1,N
5460,5537,1,4,1,N
5537,5636,1,4,1,N
5636,5756,1,4,1,N
5756,5805,1,4,1,N
5805,5808,1,4,1,N
5808,5836,1,4,1,N
5836,5844,1,4,1,N
5844,7923,1,4,1,N
5874,5947,1,4,1,N
5875,5874,1,4,1,N
5946,5957,1,4,1,N
5947,5946,1,4,1,N
5957,5968,1,4,1,N
5967,5970,1,4,1,N
5968,5967,1,4,1,N
5970,5975,1,4,1,N
5973,6051,1,4,1,N
5974,5973,1,4,1,N
5975,5974,1,4,1,N
6045,6465,1,7,1,N
6046,6045,1,7,1,N
6048,6046,1,7,1,N
6049,6131,1,4,1,N
6050,6049,1,4,1,N
6051,6050,1,4,1,N
6131,6133,1,4,1,N
6133,6152,1,4,1,N
6152,6196,1,4,1,N
6196,6322,1,4,1,N
6197,6048,1,7,1,N
6198,6197,1,7,1,N
6200,6198,1,7,1,N
6202,6206,1,7,1,N
6204,6665,4,2,1,N
6206,6207,1,7,1,N
6207,6200,1,7,1,N
6208,6202,1,7,1,N
6209,6208,1,7,1,N
6210,6215,2,7,1,N
6211,6217,1,7,1,N
6213,6463,2,2,1,N
6215,6209,2,7,1,N
6216,6210,1,7,1,N
6217,6216,1,7,1,N
6220,6211,1,7,1,N
6223,6220,1,7,1,N
6227,6223,1,7,1,N
6322,6331,1,4,1,N
6331,6975,1,4,1,N
6445,6456,3,3,1,N
6446,6445,3,7,1,N
6451,6673,2,2,1,N
6454,6213,2,2,1,N
6456,6454,2,2,1,N
6463,6451,2,2,1,N
6465,6471,2,7,1,N
6471,6473,2,7,1,N
6473,6446,2,7,1,N
6474,6227,1,7,1,N
6664,6635,3,1,1,N
6664,6652,2,1,1,N
6665,6664,4,2,1,N
6667,6204,5,2,1,N
6673,6667,3,2,1,N
6686,6915,3,2,1,N
6889,6894,3,3,1,N
6891,6905,3,2,1,N
6894,6901,3,7,1,N
6897,7229,3,7,1,N
6901,13614,3,7,1,N
6905,6889,3,3,1,N
6915,6891,3,2,1,N
6974,7009,1,4,1,N
6975,6974,1,4,1,N
7006,7919,1,4,1,N
7009,7012,1,4,1,N
7011,7018,1,4,1,N
7012,7011,1,4,1,N
7018,7090,1,4,1,N
7090,7922,1,4,1,N
7092,7109,1,4,1,N
7109,7132,1,4,1,N
7128,7156,1,4,1,N
7129,7128,1,4,1,N
7130,7129,1,4,1,N
7131,7130,1,4,1,N
7132,7131,1,4,1,N
7156,7165,1,4,1,N
7165,7916,1,4,1,N
7167,7170,1,4,1,N
7170,7189,1,4,1,N
7186,7222,1,4,1,N
7187,7186,1,4,1,N
7187,7188,1,4,1,N
7189,7188,1,4,1,N
7222,7245,1,4,1,N
7229,7248,3,7,1,N
7245,7321,1,4,1,N
7247,7249,3,7,1,N
7248,7247,3,7,1,N
7249,13527,3,7,1,N
7252,7257,3,7,1,N
7257,7285,3,7,1,N
7285,7286,3,7,1,N
7286,7344,2,7,1,N
7321,7336,1,4,1,N
7329,7324,2,1,1,N
7329,7327,1,1,1,N
7336,7367,1,4,1,N
7344,7345,3,7,1,N
7345,7346,3,7,1,N
7346,7391,3,7,1,N
7347,7348,3,7,1,N
7348,7329,2,2,1,N
7367,7387,1,4,1,N
7387,7686,1,4,1,N
7391,7347,3,7,1,N
7684,7699,1,4,1,N
7685,7684,1,4,1,N
7686,7685,1,4,1,N
7699,7788,1,4,1,N
7788,7805,1,4,1,N
7805,7815,1,4,1,N
7815,7818,1,4,1,N
7818,7843,1,4,1,N
7823,10479,1,4,1,N
7824,10478,1,4,1,N
7825,10483,1,4,1,N
7826,10097,1,4,1,N
7842,7857,1,4,1,N
7843,7006,1,4,1,N
7857,7890,1,4,1,N
7890,7897,1,4,1,N
7897,7954,1,4,1,N
7916,7917,1,4,1,N
7917,7167,1,4,1,N
7919,8441,1,4,1,N
7922,7092,1,4,1,N
7923,5875,1,4,1,N
7924,5377,1,4,1,N
7954,7957,1,4,1,N
7957,7959,1,4,1,N
7959,7973,1,4,1,N
7973,7976,1,4,1,N
7976,8456,1,4,1,N
7978,7991,1,4,1,N
7990,8899,1,4,1,N
7991,7990,1,4,1,N
8166,8448,1,4,1,N
8187,8166,1,4,1,N
8441,7842,1,4,1,N
8454,7978,1,4,1,N
8456,8891,1,4,1,N
8550,8187,1,4,1,N
8553,8550,1,4,1,N
8584,8553,1,4,1,N
8585,8584,1,4,1,N
8626,8585,1,4,1,N
8627,8626,1,4,1,N
8628,8627,1,4,1,N
8630,8628,1,4,1,N
8631,8630,1,4,1,N
8638,8631,1,4,1,N
8643,8638,1,4,1,N
8649,8643,1,4,1,N
8659,8649,1,4,1,N
8667,8659,1,4,1,N
8882,8454,1,4,1,N
8883,8882,1,4,1,N
8884,8883,1,4,1,N
8885,8884,1,4,1,N
8886,8885,1,4,1,N
8889,8886,1,4,1,N
8890,8889,1,4,1,N
8891,8890,1,4,1,N
8892,8667,1,4,1,N
8893,8892,1,4,1,N
8894,8893,1,4,1,N
8895,8894,1,4,1,N
8896,8895,1,4,1,N
8897,8896,1,4,1,N
8898,8897,1,4,1,N
8899,8898,1,4,1,N
10097,1453,7,6,1,N
10099,10228,1,4,1,N
10228,10229,1,4,1,N
10229,10230,1,4,1,N
10230,10231,1,4,1,N
10231,7924,1,4,1,N
10476,7825,1,4,1,N
10477,10476,1,4,1,N
10478,10477,1,4,1,N
10479,7824,1,4,1,N
10480,7826,1,4,1,N
10481,10480,1,4,1,N
10482,10481,1,4,1,N
10483,10482,1,4,1,N
11600,4920,1,7,1,N
11620,11600,1,7,1,N
11632,11620,1,7,1,N
13527,7252,3,7,1,N
13614,6897,3,7,1,N
1453,10097,7,6,1,S
4850,4917,1,7,1,S
4917,4947,1,7,1,S
4918,4919,1,7,1,S
4919,4920,1,7,1,S
4920,11600,1,7,1,S
4947,4918,1,7,1,S
5330,5356,1,7,1,S
5356,4850,1,7,1,S
5377,7924,1,4,1,S
5379,5380,1,4,1,S
5380,5381,1,4,1,S
5381,5382,1,4,1,S
5382,5377,1,4,1,S
5388,5379,1,4,1,S
5397,5398,1,4,1,S
5398,5388,1,4,1,S
5400,5397,1,4,1,S
5403,5400,1,4,1,S
5451,5403,1,4,1,S
5460,5451,1,4,1,S
5537,5460,1,4,1,S
5636,5537,1,4,1,S
5756,5636,1,4,1,S
5805,5756,1,4,1,S
5808,5805,1,4,1,S
5836,5808,1,4,1,S
5844,5836,1,4,1,S
5874,5875,1,4,1,S
5875,7923,1,4,1,S
5946,5947,1,4,1,S
5947,5874,1,4,1,S
5957,5946,1,4,1,S
5967,5968,1,4,1,S
5968,5957,1,4,1,S
5970,5967,1,4,1,S
5973,5974,1,4,1,S
5974,5975,1,4,1,S
5975,5970,1,4,1,S
6045,6046,1,7,1,S
6046,6048,1,7,1,S
6048,6197,1,7,1,S
6049,6050,1,4,1,S
6050,6051,1,4,1,S
6051,5973,1,4,1,S
6131,6049,1,4,1,S
6133,6131,1,4,1,S
6152,6133,1,4,1,S
6196,6152,1,4,1,S
6197,6198,1,7,1,S
6198,6200,1,7,1,S
6200,6207,1,7,1,S
6202,6208,1,7,1,S
6205,6670,5,2,1,S
6206,6202,1,7,1,S
6207,6206,1,7,1,S
6208,6209,1,7,1,S
6209,6215,2,7,1,S
6210,6216,1,7,1,S
6211,6220,1,7,1,S
6214,6453,2,2,1,S
6215,6210,2,7,1,S
6216,6217,1,7,1,S
6217,6211,1,7,1,S
6220,6223,1,7,1,S
6223,6227,1,7,1,S
6227,6474,1,7,1,S
6322,6196,1,4,1,S
6331,6322,1,4,1,S
6445,6446,3,7,1,S
6446,6473,2,7,1,S
6453,6455,2,2,1,S
6455,6445,3,3,1,S
6461,6462,2,2,1,S
6462,6214,2,2,1,S
6465,6045,1,7,1,S
6471,6465,2,7,1,S
6473,6471,2,7,1,S
6474,5330,1,7,1,S
6636,6669,3,1,1,S
6637,6205,5,2,1,S
6651,6669,2,1,1,S
6669,6637,4,2,1,S
6670,6671,2,2,1,S
6671,6461,2,2,1,S
6889,6905,3,3,1,S
6891,6915,3,2,1,S
6894,6889,3,3,1,S
6897,13614,3,7,1,S
6901,6894,3,7,1,S
6905,6891,3,2,1,S
6915,6687,4,2,1,S
6974,6975,1,4,1,S
6975,6331,1,4,1,S
7006,7843,1,4,1,S
7009,6974,1,4,1,S
7011,7012,1,4,1,S
7012,7009,1,4,1,S
7018,7011,1,4,1,S
7090,7018,1,4,1,S
7092,7922,1,4,1,S
7109,7092,1,4,1,S
7128,7129,1,4,1,S
7129,7130,1,4,1,S
7130,7131,1,4,1,S
7131,7132,1,4,1,S
7132,7109,1,4,1,S
7156,7128,1,4,1,S
7165,7156,1,4,1,S
7167,7917,1,4,1,S
7170,7167,1,4,1,S
7186,7187,1,4,1,S
7188,7187,1,4,1,S
7188,7189,1,4,1,S
7189,7170,1,4,1,S
7222,7186,1,4,1,S
7229,6897,3,7,1,S
7245,7222,1,4,1,S
7247,7248,3,7,1,S
7248,7229,3,7,1,S
7249,7247,3,7,1,S
7252,13527,3,7,1,S
7257,7252,3,7,1,S
7285,7257,3,7,1,S
7286,7285,3,7,1,S
7321,7245,1,4,1,S
7325,7328,1,1,1,S
7326,7328,1,1,1,S
7328,7348,2,2,1,S
7336,7321,1,4,1,S
7344,7286,2,7,1,S
7345,7344,3,7,1,S
7346,7345,3,7,1,S
7347,7391,3,7,1,S
7348,7347,3,7,1,S
7367,7336,1,4,1,S
7387,7367,1,4,1,S
7391,7346,3,7,1,S
7684,7685,1,4,1,S
7685,7686,1,4,1,S
7686,7387,1,4,1,S
7699,7684,1,4,1,S
7788,7699,1,4,1,S
7805,7788,1,4,1,S
7815,7805,1,4,1,S
7818,7815,1,4,1,S
7824,10479,1,4,1,S
7825,10476,1,4,1,S
7826,10480,1,4,1,S
7842,8441,1,4,1,S
7843,7818,1,4,1,S
7857,7842,1,4,1,S
7890,7857,1,4,1,S
7897,7890,1,4,1,S
7916,7165,1,4,1,S
7917,7916,1,4,1,S
7919,7006,1,4,1,S
7922,7090,1,4,1,S
7923,5844,1,4,1,S
7924,10231,1,4,1,S
7954,7897,1,4,1,S
7957,7954,1,4,1,S
7959,7957,1,4,1,S
7973,7959,1,4,1,S
7976,7973,1,4,1,S
7978,8454,1,4,1,S
7990,7991,1,4,1,S
7991,7978,1,4,1,S
8166,8187,1,4,1,S
8187,8550,1,4,1,S
8441,7919,1,4,1,S
8448,8166,1,4,1,S
8454,8882,1,4,1,S
8456,7976,1,4,1,S
8550,8553,1,4,1,S
8553,8584,1,4,1,S
8584,8585,1,4,1,S
8585,8626,1,4,1,S
8626,8627,1,4,1,S
8627,8628,1,4,1,S
8628,8630,1,4,1,S
8630,8631,1,4,1,S
8631,8638,1,4,1,S
8638,8643,1,4,1,S
8643,8649,1,4,1,S
8649,8659,1,4,1,S
8659,8667,1,4,1,S
8667,8892,1,4,1,S
8882,8883,1,4,1,S
8883,8884,1,4,1,S
8884,8885,1,4,1,S
8885,8886,1,4,1,S
8886,8889,1,4,1,S
8889,8890,1,4,1,S
8890,8891,1,4,1,S
8891,8456,1,4,1,S
8892,8893,1,4,1,S
8893,8894,1,4,1,S
8894,8895,1,4,1,S
8895,8896,1,4,1,S
8896,8897,1,4,1,S
8897,8898,1,4,1,S
8898,8899,1,4,1,S
8899,7990,1,4,1,S
10097,7826,1,4,1,S
10099,1453,7,6,1,S
10228,10099,1,4,1,S
10229,10228,1,4,1,S
10230,10229,1,4,1,S
10231,10230,1,4,1,S
10476,10477,1,4,1,S
10477,10478,1,4,1,S
10478,7824,1,4,1,S
10479,7823,1,4,1,S
10480,10481,1,4,1,S
10481,10482,1,4,1,S
10482,10483,1,4,1,S
10483,7825,1,4,1,S
11600,11620,1,7,1,S
11620,11632,1,7,1,S
13527,7249,3,7,1,S
13614,6901,3,7,1,S
1634,1655,3,2,4,E
1635,1634,3,2,4,E
1637,12235,3,2,4,E
1640,1641,3,2,4,E
1641,1660,3,2,4,E
1651,8009,3,2,4,E
1655,1651,3,2,4,E
1660,2381,3,2,4,E
1687,1696,3,2,4,E
1696,1697,3,2,4,E
1697,1698,3,2,4,E
1698,1699,3,2,4,E
1699,1875,3,1,4,E
1714,11569,1,7,4,E
1726,1727,3,2,4,E
1727,1637,3,2,4,E
1730,1731,3,2,4,E
1731,1726,4,2,4,E
1863,1875,2,1,4,E
1875,1751,2,1,4,E
1875,10678,3,2,4,E
1984,10336,2,3,4,E
2046,2111,2,2,4,E
2059,2378,4,2,4,E
2095,2046,3,2,4,E
2096,2095,4,2,4,E
2105,2159,3,2,4,E
2106,2105,3,2,4,E
2111,2167,2,2,4,E
2118,2106,2,2,4,E
2119,11550,2,2,4,E
2159,2161,3,2,4,E
2161,2163,3,2,4,E
2163,2096,3,2,4,E
2167,2169,3,2,4,E
2169,2059,2,2,4,E
2182,2119,2,2,4,E
2223,2322,2,3,4,E
2225,2223,2,3,4,E
2322,1984,2,3,4,E
2378,1730,3,2,4,E
2381,1687,3,2,4,E
7770,1714,2,3,4,E
7771,7770,1,3,4,E
7772,7771,1,3,4,E
8009,1640,3,2,4,E
9205,20210,1,2,4,E
9209,20212,1,2,4,E
9213,9563,1,2,4,E
9276,20215,1,2,4,E
9279,9507,1,2,4,E
9507,9508,1,2,4,E
9508,9509,1,2,4,E
9509,9510,1,2,4,E
9510,9511,1,2,4,E
9511,9512,1,2,4,E
9512,9513,1,2,4,E
9513,9514,1,2,4,E
9563,9564,1,2,4,E
9564,20214,1,2,4,E
9946,9205,1,2,4,E
9947,9946,1,2,4,E
10334,2182,2,3,4,E
10335,10334,2,3,4,E
10336,10335,2,3,4,E
10678,10679,2,2,4,E
10679,10680,2,2,4,E
10680,10681,2,2,4,E
10681,10682,2,2,4,E
10682,10683,2,2,4,E
10683,10735,2,2,4,E
10729,7772,1,3,4,E
10735,10737,2,2,4,E
10737,10729,2,1,4,E
11550,2118,2,2,4,E
11569,1715,1,7,4,E
12235,12236,3,2,4,E
12236,1635,3,2,4,E
20210,9209,1,2,4,E
20212,9213,1,2,4,E
20214,9276,1,2,4,E
20215,20217,1,2,4,E
20217,9279,1,2,4,E
1617,1618,3,2,4,W
1618,1619,3,2,4,W
1619,2155,4,2,4,W
1624,1625,3,2,4,W
1625,12234,3,2,4,W
1630,8010,3,2,4,W
1642,1630,3,2,4,W
1652,1654,3,2,4,W
1654,1624,3,2,4,W
1659,1642,3,2,4,W
1688,2380,3,2,4,W
1692,1693,3,2,4,W
1693,1694,3,2,4,W
1694,1695,3,2,4,W
1695,1688,3,2,4,W
1714,7770,2,3,4,W
1715,11569,1,7,4,W
1875,1692,3,1,4,W
1966,10689,2,2,4,W
1984,2322,2,3,4,W
2110,2143,2,2,4,W
2112,2110,2,2,4,W
2143,2147,3,2,4,W
2144,2162,3,2,4,W
2147,2144,4,2,4,W
2155,2164,3,2,4,W
2158,2201,3,2,4,W
2160,2158,3,2,4,W
2162,2160,3,2,4,W
2164,2377,3,2,4,W
2165,2168,2,2,4,W
2168,2112,3,2,4,W
2182,10334,2,3,4,W
2184,2202,3,2,4,W
2201,2184,4,2,4,W
2202,11549,2,2,4,W
2203,2182,2,2,4,W
2223,2225,2,3,4,W
2322,2223,2,3,4,W
2377,2165,4,2,4,W
2380,1659,3,2,4,W
7770,7771,1,3,4,W
7771,7772,1,3,4,W
7772,10729,1,3,4,W
8010,1652,3,2,4,W
9208,20209,1,2,4,W
9212,20211,1,2,4,W
9214,20220,1,2,4,W
9215,20221,1,2,4,W
9216,9562,1,2,4,W
9277,20222,1,2,4,W
9280,20219,1,2,4,W
9282,20216,1,2,4,W
9283,20218,1,2,4,W
9561,20213,1,2,4,W
9562,9561,1,2,4,W
10334,10335,2,3,4,W
10335,10336,2,3,4,W
10336,1984,2,3,4,W
10687,1875,3,2,4,W
10688,10687,2,2,4,W
10689,10688,2,2,4,W
10694,15955,2,2,4,W
10729,10738,2,1,4,W
10736,10694,2,2,4,W
10738,10736,2,2,4,W
11549,2203,2,2,4,W
11569,1714,1,7,4,W
12233,1617,3,2,4,W
12234,12233,3,2,4,W
15955,1966,2,2,4,W
20209,9204,1,2,4,W
20211,9208,1,2,4,W
20213,9212,1,2,4,W
20216,9216,1,2,4,W
20218,9280,1,2,4,W
20219,9282,1,2,4,W
20220,9283,1,2,4,W
20221,9214,1,2,4,W
20222,9215,1,2,4,W
4601,4607,2,7,9,N
4607,4608,2,7,9,N
4608,4612,2,7,9,N
4612,4623,2,7,9,N
4623,4633,1,7,9,N
4632,4637,1,4,9,N
4633,4632,1,4,9,N
4607,4601,2,7,9,S
4608,4607,2,7,9,S
4612,4608,2,7,9,S
4623,4612,2,7,9,S
4632,4633,1,4,9,S
4633,4623,1,7,9,S
4637,4632,1,4,9,S
8000,8396,1,7,12,E
8280,8287,1,4,12,E
8282,8640,2,7,12,E
8284,8282,1,7,12,E
8286,8528,1,7,12,E
8287,8284,1,4,12,E
8289,8399,1,7,12,E
8290,8286,1,7,12,E
8296,8297,2,3,12,E
8297,10528,2,3,12,E
8300,8296,2,3,12,E
8384,8300,2,3,12,E
8386,8538,2,7,12,E
8387,8386,2,7,12,E
8396,8397,1,7,12,E
8397,8280,1,7,12,E
8399,8000,1,7,12,E
8407,8416,2,2,12,E
8409,8407,2,2,12,E
8416,8387,2,7,12,E
8423,8409,2,2,12,E
8429,8762,2,2,12,E
8439,8566,1,7,12,E
8500,8539,1,3,12,E
8527,8423,2,2,12,E
8528,8289,1,7,12,E
8538,8384,2,7,12,E
8539,8290,1,7,12,E
8566,8429,1,7,12,E
8609,8527,2,2,12,E
8639,8642,2,3,12,E
8640,8639,1,7,12,E
8642,10353,2,2,12,E
8676,11828,2,3,12,E
8677,8676,2,3,12,E
8678,8677,2,2,12,E
8680,8678,2,2,12,E
8762,8763,2,2,12,E
8763,8609,2,2,12,E
8802,8804,2,2,12,E
8804,8817,3,2,12,E
8810,8812,2,2,12,E
8812,8814,2,2,12,E
8814,8821,2,2,12,E
8817,8818,3,3,12,E
8818,8810,3,2,12,E
8821,11038,2,3,12,E
10353,8680,2,2,12,E
10528,10529,2,3,12,E
10529,8500,2,3,12,E
11038,11833,2,3,12,E
11069,11812,2,3,12,E
11099,11982,2,3,12,E
11828,11069,2,3,12,E
11833,11099,2,3,12,E
11859,8802,2,1,12,E
11894,11901,1,7,12,E
11895,11896,1,7,12,E
11901,11895,1,7,12,E
11902,11894,1,7,12,E
11937,11902,1,7,12,E
11953,11937,1,7,12,E
11981,11953,1,7,12,E
11982,20369,1,7,12,E
11984,11981,1,7,12,E
20369,11984,1,7,12,E
8000,8399,1,7,12,W
8280,8397,1,7,12,W
8282,8284,1,7,12,W
8284,8287,1,4,12,W
8286,8290,1,7,12,W
8287,8280,1,4,12,W
8289,8528,1,7,12,W
8290,8539,1,7,12,W
8296,8300,2,3,12,W
8297,8296,2,3,12,W
8300,8384,2,3,12,W
8384,8538,2,7,12,W
8386,8387,2,7,12,W
8387,8391,2,2,12,W
8387,8416,2,7,12,W
8391,8401,2,2,12,W
8396,8000,1,7,12,W
8397,8396,1,7,12,W
8399,8289,1,7,12,W
8401,8424,2,2,12,W
8424,8525,2,2,12,W
8429,8566,1,7,12,W
8500,10529,2,3,12,W
8525,8537,2,2,12,W
8528,8286,1,7,12,W
8537,8761,2,2,12,W
8538,8386,2,7,12,W
8539,8500,1,3,12,W
8566,8439,1,7,12,W
8639,8640,1,7,12,W
8640,8282,1,7,12,W
8642,8639,2,3,12,W
8676,8677,2,3,12,W
8677,8678,2,2,12,W
8678,8680,2,2,12,W
8680,10353,2,2,12,W
8757,8429,2,2,12,W
8761,8757,2,2,12,W
8801,11837,2,1,12,W
8803,8801,2,2,12,W
8809,8818,2,2,12,W
8811,8809,2,2,12,W
8813,8811,2,2,12,W
8817,8803,2,2,12,W
8818,8817,2,3,12,W
8821,8813,2,2,12,W
10353,8642,2,2,12,W
10528,8297,2,3,12,W
10529,10528,2,3,12,W
11038,8821,2,3,12,W
11069,11828,2,3,12,W
11099,11833,2,3,12,W
11812,11069,2,3,12,W
11828,8676,2,3,12,W
11833,11038,2,3,12,W
11894,11902,1,7,12,W
11895,11901,1,7,12,W
11896,11895,1,7,12,W
11901,11894,1,7,12,W
11902,11937,1,7,12,W
11937,11953,1,7,12,W
11953,11981,1,7,12,W
11981,11984,1,7,12,W
11982,11099,2,3,12,W
11984,20369,1,7,12,W
20369,11982,1,7,12,W
2507,2606,2,7,13,N
2524,2507,2,7,13,N
2573,12067,1,7,13,N
2583,2585,2,7,13,N
2584,2583,1,7,13,N
2585,2586,2,7,13,N
2586,2587,2,7,13,N
2587,2588,2,7,13,N
2588,2650,2,7,13,N
2650,2661,2,7,13,N
2659,2524,2,7,13,N
2661,2659,2,7,13,N
3005,3007,2,2,13,N
3007,3010,2,2,13,N
3010,3011,2,2,13,N
3011,3012,3,2,13,N
3012,3014,2,2,13,N
3014,2573,1,7,13,N
3028,3031,2,2,13,N
3031,3033,2,2,13,N
3033,3005,2,2,13,N
3044,3028,2,2,13,N
3054,3138,2,1,13,N
3130,3153,2,2,13,N
3138,3130,2,2,13,N
3153,3044,2,2,13,N
12067,2584,1,7,13,N
2507,2524,2,7,13,S
2524,2659,2,7,13,S
2573,3014,1,7,13,S
2583,2584,1,7,13,S
2584,12067,1,7,13,S
2585,2583,2,7,13,S
2586,2585,2,7,13,S
2587,2586,2,7,13,S
2588,2587,2,7,13,S
2606,2507,2,7,13,S
2650,2588,2,7,13,S
2659,2661,2,7,13,S
2661,2650,2,7,13,S
2983,3006,2,2,13,S
2984,2983,2,2,13,S
2985,2984,2,2,13,S
2994,2985,3,2,13,S
3004,3030,2,2,13,S
3006,3004,2,2,13,S
3014,3052,2,2,13,S
3029,3145,2,2,13,S
3030,3029,2,2,13,S
3052,2994,2,2,13,S
3129,3137,2,2,13,S
3137,3083,3,1,13,S
3145,3152,2,2,13,S
3152,3129,2,2,13,S
12067,2573,1,7,13,S
4287,4613,2,3,17,N
4288,4287,2,3,17,N
4551,4870,3,2,17,N
4562,4617,2,2,17,N
4564,4562,2,2,17,N
4583,4564,2,2,17,N
4585,4583,2,2,17,N
4586,4585,2,2,17,N
4604,4586,2,2,17,N
4613,4604,2,3,17,N
4617,4618,2,2,17,N
4618,4551,4,2,17,N
4852,5153,3,2,17,N
4853,4852,4,2,17,N
4869,4853,3,2,17,N
4870,4869,4,2,17,N
4287,4288,2,3,17,S
4596,4598,2,2,17,S
4598,4599,2,2,17,S
4599,4600,2,2,17,S
4600,4603,2,2,17,S
4603,4604,2,2,17,S
4604,4613,2,3,17,S
4613,4287,2,3,17,S
4619,4596,3,2,17,S
4620,4619,2,2,17,S
4782,4783,4,2,17,S
4783,4785,3,2,17,S
4785,4620,4,2,17,S
4824,4827,5,2,17,S
4826,4824,4,2,17,S
4827,4782,3,2,17,S
1822,1826,4,2,24,E
1826,1874,4,2,24,E
1832,1822,4,2,24,E
1833,2072,5,2,24,E
1835,1833,4,2,24,E
1836,1835,4,2,24,E
1837,1836,4,2,24,E
1864,1888,6,2,24,E
1866,1864,4,2,24,E
1874,1866,5,2,24,E
1886,1885,2,1,24,E
1888,1886,3,1,24,E
1888,1952,3,1,24,E
1952,1950,3,1,24,E
2072,2091,4,2,24,E
2091,1832,4,2,24,E
2566,1837,4,2,24,E
2672,2996,4,2,24,E
2674,2672,4,2,24,E
2680,2674,4,2,24,E
2706,2680,4,2,24,E
2710,2706,4,2,24,E
2728,2710,3,2,24,E
2993,3022,4,2,24,E
2996,2993,4,2,24,E
3015,2566,4,2,24,E
3022,3015,4,2,24,E
1847,1849,4,2,24,W
1849,1852,5,2,24,W
1850,2208,5,2,24,W
1852,1854,4,2,24,W
1854,2565,4,2,24,W
1897,1850,4,2,24,W
1898,1899,4,2,24,W
1899,1911,5,2,24,W
1911,2376,4,2,24,W
1915,1898,6,2,24,W
1916,1915,3,1,24,W
1917,1915,3,1,24,W
1949,1916,3,1,24,W
2114,1847,5,2,24,W
2208,2114,5,2,24,W
2376,1897,4,2,24,W
2565,3021,4,2,24,W
2673,2675,4,2,24,W
2675,2681,4,2,24,W
2681,2705,4,2,24,W
2705,2709,4,2,24,W
2709,2727,3,2,24,W
2987,2995,5,2,24,W
2995,2673,4,2,24,W
3013,2987,4,2,24,W
3021,3013,4,2,24,W
4159,20365,1,3,25,N
4160,4159,1,3,25,N
11580,4160,1,3,25,N
20365,20367,1,3,25,N
4159,4160,1,3,25,S
4160,11580,1,3,25,S
20365,4159,1,3,25,S
20367,20365,1,3,25,S
8601,8602,2,7,29,N
8602,8603,2,7,29,N
8603,8605,2,7,29,N
8605,8606,1,4,29,N
8606,8608,2,4,29,N
8613,10357,2,7,29,N
8614,8613,2,7,29,N
8615,8614,2,7,29,N
8616,8615,2,7,29,N
8617,8616,2,7,29,N
8642,8663,2,2,29,N
8644,8742,2,3,29,N
8654,8655,2,2,29,N
8655,8656,2,2,29,N
8656,8657,2,2,29,N
8657,8658,2,2,29,N
8658,8681,2,2,29,N
8663,8654,2,2,29,N
8675,15855,2,3,29,N
8681,8683,2,2,29,N
8683,8644,2,2,29,N
8704,11433,2,3,29,N
8742,8743,2,3,29,N
8743,8750,2,3,29,N
8750,8704,2,3,29,N
8760,8677,2,2,29,N
10357,10358,2,7,29,N
10358,10359,2,7,29,N
10359,8601,2,7,29,N
11018,11033,2,3,29,N
11029,11784,2,3,29,N
11033,11736,2,3,29,N
11091,11649,2,7,29,N
11111,11029,2,3,29,N
11112,11111,2,3,29,N
11433,11434,2,3,29,N
11434,8617,2,3,29,N
11642,11644,1,5,29,N
11644,11651,2,7,29,N
11649,11656,2,7,29,N
11650,11091,2,7,29,N
11651,11650,2,7,29,N
11656,11709,2,7,29,N
11709,11710,2,7,29,N
11710,11985,2,7,29,N
11711,11715,2,7,29,N
11715,11721,2,7,29,N
11721,11733,2,3,29,N
11733,11018,2,3,29,N
11736,11112,2,3,29,N
11784,8675,2,3,29,N
11985,11711,2,7,29,N
15855,8760,2,3,29,N
8601,10359,2,7,29,S
8602,8601,2,7,29,S
8603,8602,2,7,29,S
8605,8603,2,7,29,S
8606,8605,1,4,29,S
8608,8606,2,4,29,S
8613,8614,2,7,29,S
8614,8615,2,7,29,S
8615,8616,2,7,29,S
8616,8617,2,7,29,S
8617,11434,2,3,29,S
8629,8642,2,2,29,S
8635,8629,2,2,29,S
8636,8635,2,2,29,S
8644,8670,2,2,29,S
8670,8682,2,2,29,S
8675,11784,2,3,29,S
8677,8760,2,2,29,S
8682,8684,2,2,29,S
8684,8685,2,2,29,S
8685,8686,2,2,29,S
8686,8636,2,2,29,S
8704,8750,2,3,29,S
8742,8644,2,3,29,S
8743,8742,2,3,29,S
8750,8743,2,3,29,S
8760,15855,2,3,29,S
10357,8613,2,7,29,S
10358,10357,2,7,29,S
10359,10358,2,7,29,S
11018,11733,2,3,29,S
11029,11111,2,3,29,S
11033,11018,2,3,29,S
11091,11650,2,7,29,S
11111,11112,2,3,29,S
11112,11736,2,3,29,S
11433,8704,2,3,29,S
11434,11433,2,3,29,S
11644,11643,1,5,29,S
11649,11091,2,7,29,S
11650,11651,2,7,29,S
11651,11644,2,7,29,S
11656,11649,2,7,29,S
11709,11656,2,7,29,S
11710,11709,2,7,29,S
11711,11985,2,7,29,S
11715,11711,2,7,29,S
11721,11715,2,7,29,S
11733,11721,2,3,29,S
11736,11033,2,3,29,S
11784,11029,2,3,29,S
11985,11710,2,7,29,S
15855,8675,2,3,29,S
4286,4637,1,4,35,N
4287,4286,1,4,35,N
4637,4638,1,4,35,N
4638,10511,1,4,35,N
6218,6253,1,7,35,N
6219,6228,1,7,35,N
6222,2609,1,4,35,N
6228,6218,1,7,35,N
6372,6628,2,7,35,N
6443,6647,2,5,35,N
6466,6620,2,7,35,N
6467,6466,2,7,35,N
6501,6467,1,7,35,N
6506,6501,1,7,35,N
6620,6372,2,7,35,N
6627,6672,2,2,35,N
6628,6627,2,7,35,N
6647,6506,1,7,35,N
6653,6678,3,3,35,N
6656,6676,3,3,35,N
6672,6684,2,2,35,N
6676,6653,3,3,35,N
6678,6912,3,3,35,N
6684,6656,2,2,35,N
6909,7265,2,7,35,N
6910,6909,2,7,35,N
6911,6910,2,7,35,N
6912,6911,2,3,35,N
7254,7248,3,7,35,N
7264,7254,3,7,35,N
7265,7264,3,7,35,N
10511,11776,1,4,35,N
11776,6222,1,4,35,N
2609,6222,1,4,35,S
4286,4287,1,4,35,S
4637,4286,1,4,35,S
4638,4637,1,4,35,S
6218,6228,1,7,35,S
6222,11776,1,4,35,S
6228,6219,1,7,35,S
6253,6218,1,7,35,S
6372,6620,2,7,35,S
6459,6627,2,2,35,S
6466,6467,2,7,35,S
6467,6501,1,7,35,S
6501,6506,1,7,35,S
6506,6647,1,7,35,S
6620,6466,2,7,35,S
6627,6628,2,7,35,S
6628,6372,2,7,35,S
6647,6232,2,5,35,S
6653,6676,3,3,35,S
6655,6459,2,2,35,S
6656,6655,2,2,35,S
6676,6656,3,3,35,S
6678,6653,3,3,35,S
6909,6910,2,7,35,S
6910,6911,2,7,35,S
6911,6912,2,3,35,S
6912,6678,3,3,35,S
7248,7254,3,7,35,S
7254,7264,3,7,35,S
7264,7265,3,7,35,S
7265,6909,2,7,35,S
10511,4638,1,4,35,S
11776,10511,1,4,35,S
8003,8037,2,2,37,E
8037,8039,2,2,37,E
8039,8236,2,2,37,E
8231,8279,2,3,37,E
8236,8231,2,2,37,E
8279,11739,1,3,37,E
11032,11120,2,2,37,E
11109,11110,2,2,37,E
11110,11741,2,2,37,E
11119,11121,2,2,37,E
11120,11119,2,2,37,E
11121,20518,2,2,37,E
11717,11032,2,2,37,E
11726,11109,2,2,37,E
11739,11726,1,3,37,E
11741,11717,2,2,37,E
20518,20519,2,2,37,E
20519,11767,2,2,37,E
8038,8062,2,2,37,W
8060,8038,2,2,37,W
8231,8237,2,2,37,W
8237,8060,2,2,37,W
8279,8231,2,3,37,W
11108,11740,2,2,37,W
11113,11115,2,2,37,W
11115,11108,2,2,37,W
11726,11739,1,3,37,W
11738,11726,2,2,37,W
11739,8279,1,3,37,W
11740,11738,2,2,37,W
20516,20520,2,2,37,W
20520,20521,2,2,37,W
20521,11113,2,2,37,W
3232,3233,2,7,61,N
3233,3234,2,7,61,N
3245,3232,2,7,61,N
3252,3265,2,7,61,N
3253,3245,2,7,61,N
3254,3253,2,7,61,N
3256,3259,2,4,61,N
3257,3256,2,7,61,N
3258,3257,2,7,61,N
3259,3254,2,4,61,N
3265,3258,2,7,61,N
3270,3252,2,3,61,N
3274,12212,2,3,61,N
3282,3274,2,3,61,N
12212,3270,2,3,61,N
3232,3245,2,7,61,S
3233,3232,2,7,61,S
3234,3233,2,7,61,S
3245,3253,2,7,61,S
3252,3270,2,3,61,S
3253,3254,2,7,61,S
3254,3259,2,4,61,S
3256,3257,2,7,61,S
3257,3258,2,7,61,S
3258,3265,2,7,61,S
3259,3256,2,4,61,S
3265,3252,2,3,61,S
3270,12212,2,3,61,S
3274,3282,2,3,61,S
12212,3274,2,3,61,S
3180,3197,2,7,77,N
3308,3180,2,7,77,N
3180,3308,2,7,77,S
3197,3180,2,7,77,S
1603,11944,4,2,80,E
1912,2488,3,8,80,E
1913,1912,3,8,80,E
1930,2326,4,8,80,E
2115,2116,3,8,80,E
2116,2174,3,8,80,E
2174,2175,3,8,80,E
2175,2178,3,8,80,E
2178,2180,4,2,80,E
2180,2206,7,6,80,E
2206,11637,4,2,80,E
2210,2115,3,8,80,E
2219,20512,3,8,80,E
2220,2224,3,8,80,E
2224,2210,3,8,80,E
2257,2261,3,8,80,E
2261,2265,3,8,80,E
2265,2287,3,8,80,E
2278,2288,3,8,80,E
2281,2278,3,8,80,E
2284,2285,3,8,80,E
2285,2281,4,8,80,E
2287,2284,3,8,80,E
2288,2290,3,8,80,E
2290,2291,4,8,80,E
2291,2219,3,8,80,E
2326,2396,3,8,80,E
2396,2397,3,8,80,E
2397,2257,3,8,80,E
2419,2420,3,8,80,E
2420,2422,3,8,80,E
2422,2424,3,8,80,E
2424,2425,3,8,80,E
2425,1930,3,8,80,E
2482,1913,3,8,80,E
2488,2419,3,8,80,E
2505,2508,4,8,80,E
2508,2511,4,8,80,E
2511,2513,4,8,80,E
2513,2515,4,8,80,E
2515,2482,5,8,80,E
2632,2634,5,8,80,E
2634,2636,4,8,80,E
2636,2505,4,8,80,E
2766,2778,2,8,80,E
2778,2632,6,8,80,E
2784,2802,5,2,80,E
2787,2766,6,8,80,E
2789,2800,2,2,80,E
2802,2787,6,2,80,E
6969,6973,5,2,80,E
6971,6969,5,2,80,E
6973,2784,5,2,80,E
7017,6971,5,2,80,E
7020,7017,3,2,80,E
7022,7020,3,2,80,E
7030,7022,4,2,80,E
7034,7030,3,2,80,E
7039,7034,4,2,80,E
7082,7039,3,2,80,E
8671,11807,4,2,80,E
8932,9518,1,8,80,E
8934,8932,1,8,80,E
8936,8934,1,8,80,E
8938,8936,1,8,80,E
8940,8938,1,8,80,E
8942,8940,1,8,80,E
8944,8942,1,8,80,E
8946,20023,1,8,80,E
8948,8946,1,8,80,E
8950,8948,1,8,80,E
8952,8950,1,8,80,E
8954,8952,1,8,80,E
8956,8954,1,8,80,E
8958,8956,1,8,80,E
8960,8958,1,8,80,E
8962,8960,1,8,80,E
8964,8962,1,8,80,E
8966,8964,1,8,80,E
8968,8966,1,8,80,E
8970,8968,1,8,80,E
8972,8970,1,8,80,E
8974,20022,1,8,80,E
8975,8974,1,8,80,E
8976,8975,1,8,80,E
8978,8976,1,8,80,E
8980,8978,1,8,80,E
8982,8980,1,8,80,E
8984,8982,1,8,80,E
8986,8984,1,8,80,E
8988,8986,1,8,80,E
8990,8988,1,8,80,E
8992,8990,1,8,80,E
8994,8992,1,8,80,E
8995,8994,1,8,80,E
9219,9520,1,8,80,E
9286,9290,1,2,80,E
9288,9286,1,2,80,E
9290,20003,1,2,80,E
9292,20005,1,2,80,E
9295,20006,1,2,80,E
9297,9299,1,2,80,E
9344,9345,1,2,80,E
9518,9519,1,8,80,E
9519,9219,1,8,80,E
9520,9521,1,8,80,E
9521,9522,1,8,80,E
9522,9523,1,8,80,E
9523,9344,1,2,80,E
9973,20362,1,2,80,E
9974,9973,1,2,80,E
9978,9979,1,2,80,E
9979,9980,1,2,80,E
9980,9974,1,2,80,E
11063,11810,4,2,80,E
11065,11063,4,2,80,E
11636,11685,3,2,80,E
11637,11642,4,2,80,E
11642,11636,3,2,80,E
11645,11669,3,2,80,E
11669,11671,3,2,80,E
11671,11672,3,2,80,E
11672,11674,3,2,80,E
11674,11757,3,2,80,E
11685,11645,3,2,80,E
11722,11727,4,2,80,E
11727,12206,4,2,80,E
11731,11732,4,2,80,E
11732,11992,4,2,80,E
11757,11758,3,2,80,E
11758,11760,3,2,80,E
11760,11762,3,2,80,E
11762,11765,4,2,80,E
11765,11769,5,2,80,E
11769,8671,4,2,80,E
11785,11786,3,2,80,E
11786,11959,3,2,80,E
11807,11065,4,2,80,E
11810,11815,5,2,80,E
11815,11820,5,2,80,E
11820,20360,5,2,80,E
11830,11858,4,2,80,E
11838,11869,4,2,80,E
11846,11849,4,2,80,E
11849,11851,4,2,80,E
11851,11722,4,2,80,E
11858,11859,5,2,80,E
11859,11838,4,2,80,E
11869,11871,6,2,80,E
11871,11879,6,2,80,E
11872,11846,4,2,80,E
11878,11872,5,2,80,E
11879,11878,5,2,80,E
11903,11933,3,2,80,E
11909,11912,3,2,80,E
11912,20387,3,2,80,E
11913,11916,3,2,80,E
11916,11919,4,2,80,E
11923,11903,3,2,80,E
11933,11909,3,2,80,E
11941,11785,4,2,80,E
11944,11946,4,2,80,E
11946,11948,4,2,80,E
11948,11960,4,2,80,E
11959,11923,3,2,80,E
11960,11941,4,2,80,E
11987,11990,4,2,80,E
11990,11731,4,2,80,E
11992,11994,4,2,80,E
11994,1603,4,2,80,E
12206,12207,4,2,80,E
12207,11987,4,2,80,E
20003,9292,1,2,80,E
20005,9295,1,2,80,E
20006,9297,1,2,80,E
20022,8972,1,8,80,E
20023,8944,1,8,80,E
20360,11830,5,2,80,E
20362,9288,1,2,80,E
20387,20391,3,2,80,E
20391,11913,3,2,80,E
20512,2220,3,8,80,E
1602,11993,4,2,80,W
1914,2483,3,8,80,W
1929,2324,3,8,80,W
1983,2307,3,8,80,W
2176,2227,3,8,80,W
2179,2176,3,8,80,W
2211,2221,3,8,80,W
2212,2211,3,8,80,W
2215,2238,3,8,80,W
2216,2215,3,8,80,W
2218,2216,3,8,80,W
2221,2222,3,8,80,W
2222,2218,4,8,80,W
2226,2212,3,8,80,W
2227,2226,3,8,80,W
2238,2275,3,8,80,W
2243,2266,3,8,80,W
2251,2243,3,8,80,W
2256,15972,3,8,80,W
2258,1983,3,8,80,W
2260,2258,3,8,80,W
2266,2256,4,8,80,W
2275,2251,3,8,80,W
2306,2327,3,8,80,W
2307,2306,3,8,80,W
2318,2487,3,8,80,W
2320,2318,3,8,80,W
2321,2320,3,8,80,W
2323,2321,3,8,80,W
2324,2323,3,8,80,W
2327,1929,3,8,80,W
2483,2516,5,8,80,W
2487,1914,3,8,80,W
2506,2637,4,8,80,W
2509,2506,4,8,80,W
2512,2509,4,8,80,W
2514,2512,4,8,80,W
2516,2514,4,8,80,W
2631,2764,5,8,80,W
2633,2631,4,8,80,W
2637,2633,4,8,80,W
2764,2779,3,8,80,W
2774,2788,6,8,80,W
2779,2774,6,8,80,W
2783,6972,5,2,80,W
2786,2803,7,2,80,W
2788,2786,7,2,80,W
2798,2799,2,2,80,W
2803,2783,5,2,80,W
6968,6970,5,2,80,W
6970,7016,5,2,80,W
6972,6968,5,2,80,W
7016,7019,4,2,80,W
7019,7025,3,2,80,W
7025,7028,4,2,80,W
7028,7033,3,2,80,W
7033,7040,4,2,80,W
7040,7080,3,2,80,W
8672,11768,4,2,80,W
8931,8933,1,8,80,W
8933,9217,1,8,80,W
8937,8939,1,8,80,W
8939,8941,1,8,80,W
8941,20009,1,8,80,W
8943,20011,1,8,80,W
8947,20012,1,8,80,W
8949,20013,1,8,80,W
8953,20014,1,8,80,W
8957,8959,1,8,80,W
8959,8961,1,8,80,W
8961,20015,1,8,80,W
8965,20016,1,8,80,W
8969,20017,1,8,80,W
8973,20018,1,8,80,W
8977,8979,1,8,80,W
8979,20019,1,8,80,W
8983,20020,1,8,80,W
8987,20021,1,8,80,W
8991,8993,1,8,80,W
8993,9863,1,8,80,W
8997,8931,1,8,80,W
9217,8937,1,8,80,W
9218,9220,1,8,80,W
9220,8997,1,8,80,W
9221,9218,1,8,80,W
9223,9221,1,8,80,W
9225,20010,1,8,80,W
9285,9225,1,2,80,W
9287,9972,1,2,80,W
9289,20361,1,2,80,W
9291,9289,1,2,80,W
9293,20002,1,2,80,W
9294,20004,1,2,80,W
9296,20007,1,2,80,W
9298,20008,1,2,80,W
9506,9285,1,2,80,W
9861,9865,2,8,80,W
9863,9861,1,8,80,W
9865,9867,3,2,80,W
9867,9869,3,2,80,W
9972,9975,1,2,80,W
9975,9976,1,2,80,W
9976,9977,1,2,80,W
11064,11066,4,2,80,W
11066,11808,4,2,80,W
11634,2179,3,2,80,W
11643,11667,3,2,80,W
11646,11686,3,2,80,W
11667,11634,3,2,80,W
11684,11643,3,2,80,W
11686,11684,3,2,80,W
11687,11646,3,2,80,W
11688,11687,3,2,80,W
11690,11688,3,2,80,W
11692,11690,3,2,80,W
11694,11692,3,2,80,W
11695,11694,3,2,80,W
11723,11850,4,2,80,W
11728,11723,4,2,80,W
11742,11743,4,2,80,W
11743,11989,4,2,80,W
11751,11752,4,2,80,W
11752,11961,4,2,80,W
11761,11695,3,2,80,W
11764,11766,4,2,80,W
11766,11761,4,2,80,W
11768,11764,5,2,80,W
11808,8672,4,2,80,W
11811,11064,4,2,80,W
11813,11811,4,2,80,W
11819,11813,4,2,80,W
11829,20359,5,2,80,W
11837,11857,5,2,80,W
11840,11841,4,2,80,W
11841,11837,4,2,80,W
11844,11840,4,2,80,W
11845,11847,4,2,80,W
11847,11865,4,2,80,W
11848,11845,4,2,80,W
11850,11848,4,2,80,W
11857,11829,5,2,80,W
11865,11866,4,2,80,W
11866,11844,5,2,80,W
11904,11924,3,2,80,W
11906,11904,3,2,80,W
11908,11906,3,2,80,W
11911,11908,3,2,80,W
11914,20390,3,2,80,W
11915,11914,3,2,80,W
11918,11915,4,2,80,W
11924,11958,3,2,80,W
11942,11947,4,2,80,W
11943,1602,4,2,80,W
11945,11943,4,2,80,W
11947,11945,4,2,80,W
11958,11751,4,2,80,W
11961,11942,4,2,80,W
11986,12204,4,2,80,W
11989,11986,4,2,80,W
11991,11742,4,2,80,W
11993,11991,4,2,80,W
12204,12205,4,2,80,W
12205,11728,4,2,80,W
15972,2260,3,8,80,W
20002,9291,1,2,80,W
20004,9293,1,2,80,W
20007,9294,1,2,80,W
20008,9296,1,2,80,W
20009,8943,1,8,80,W
20010,9223,1,8,80,W
20011,8947,1,8,80,W
20012,8949,1,8,80,W
20013,8953,1,8,80,W
20014,8957,1,8,80,W
20015,8965,1,8,80,W
20016,8969,1,8,80,W
20017,8973,1,8,80,W
20018,8977,1,8,80,W
20019,8983,1,8,80,W
20020,8987,1,8,80,W
20021,8991,1,8,80,W
20359,11819,5,2,80,W
20361,9287,1,2,80,W
20386,11911,3,2,80,W
20390,20386,3,2,80,W
5051,5885,3,7,82,N
5088,5184,2,7,82,N
5104,5293,2,7,82,N
5106,5104,2,7,82,N
5109,5106,2,7,82,N
5110,5109,3,7,82,N
5111,5110,2,7,82,N
5112,5111,2,7,82,N
5113,5112,2,7,82,N
5184,5113,2,7,82,N
5293,5299,2,7,82,N
5296,5336,3,7,82,N
5299,5296,3,7,82,N
5334,12560,3,7,82,N
5335,5334,3,7,82,N
5336,5335,3,7,82,N
5352,5633,3,7,82,N
5389,5411,3,7,82,N
5404,5408,3,7,82,N
5408,5429,3,7,82,N
5411,5404,3,7,82,N
5418,5422,3,7,82,N
5420,5549,3,7,82,N
5421,5420,3,7,82,N
5422,5421,2,7,82,N
5429,5418,3,7,82,N
5480,5618,3,7,82,N
5481,5480,3,7,82,N
5482,5484,3,7,82,N
5484,5481,3,7,82,N
5527,5569,2,7,82,N
5549,5482,3,7,82,N
5569,5632,3,7,82,N
5614,12611,3,7,82,N
5615,5849,3,7,82,N
5618,5527,3,7,82,N
5632,5352,3,7,82,N
5633,5634,3,7,82,N
5634,5642,3,7,82,N
5635,5614,3,7,82,N
5642,5635,3,7,82,N
5848,12644,3,7,82,N
5849,5848,3,7,82,N
5884,5051,3,7,82,N
5885,5983,3,7,82,N
5888,5884,3,7,82,N
5891,12649,3,7,82,N
5894,12638,3,7,82,N
5976,6018,2,7,82,N
5983,5976,3,7,82,N
5992,6097,3,7,82,N
6005,6011,3,7,82,N
6011,6125,2,7,82,N
6018,5992,2,7,82,N
6097,6005,3,7,82,N
6125,6126,2,7,82,N
6126,6127,2,7,82,N
6127,6129,2,7,82,N
6129,13024,2,7,82,N
6134,6136,2,7,82,N
6135,6313,2,7,82,N
6136,6135,2,7,82,N
6164,6172,2,7,82,N
6165,6164,2,7,82,N
6169,6165,2,7,82,N
6172,6186,2,7,82,N
6176,6169,2,7,82,N
6186,13008,2,7,82,N
6236,6543,2,7,82,N
6302,6309,3,7,82,N
6309,13034,3,7,82,N
6310,6414,2,7,82,N
6313,6176,2,7,82,N
6329,6310,2,7,82,N
6354,6302,3,7,82,N
6364,6689,3,7,82,N
6366,13043,3,7,82,N
6367,6366,2,7,82,N
6412,6415,2,7,82,N
6414,6412,2,7,82,N
6415,6236,2,7,82,N
6425,6535,3,7,82,N
6476,6614,3,7,82,N
6482,6486,3,7,82,N
6484,6590,3,7,82,N
6486,6489,3,7,82,N
6489,6484,1,7,82,N
6511,6482,3,7,82,N
6512,6511,3,7,82,N
6529,6532,3,7,82,N
6531,6529,3,7,82,N
6532,6619,3,7,82,N
6535,6531,3,7,82,N
6543,6547,2,7,82,N
6544,6425,2,7,82,N
6547,6544,2,7,82,N
6590,6476,2,7,82,N
6614,6615,3,7,82,N
6615,6631,3,7,82,N
6619,6512,3,7,82,N
6631,6632,2,7,82,N
6632,6699,3,7,82,N
6638,6692,3,7,82,N
6689,6354,3,7,82,N
6692,6705,2,7,82,N
6699,6713,3,7,82,N
6701,6703,2,7,82,N
6703,6851,2,7,82,N
6705,6701,2,7,82,N
6713,6638,3,7,82,N
6843,6882,2,7,82,N
6851,6843,2,7,82,N
6882,6879,2,7,82,N
12560,5389,3,7,82,N
12611,5615,3,7,82,N
12638,5891,3,7,82,N
12644,5894,3,7,82,N
12649,5888,3,7,82,N
13008,6367,2,7,82,N
13024,6134,2,7,82,N
13034,6329,3,7,82,N
13043,6364,3,7,82,N
5051,5884,3,7,82,S
5104,5106,2,7,82,S
5106,5109,2,7,82,S
5109,5110,3,7,82,S
5110,5111,2,7,82,S
5111,5112,2,7,82,S
5112,5113,2,7,82,S
5113,5184,2,7,82,S
5184,5088,2,7,82,S
5293,5104,2,7,82,S
5296,5299,3,7,82,S
5299,5293,2,7,82,S
5334,5335,3,7,82,S
5335,5336,3,7,82,S
5336,5296,3,7,82,S
5352,5632,3,7,82,S
5389,12560,3,7,82,S
5404,5411,3,7,82,S
5408,5404,3,7,82,S
5411,5389,3,7,82,S
5418,5429,3,7,82,S
5420,5421,3,7,82,S
5421,5422,2,7,82,S
5422,5418,3,7,82,S
5429,5408,3,7,82,S
5480,5481,3,7,82,S
5481,5484,3,7,82,S
5482,5549,3,7,82,S
5484,5482,3,7,82,S
5527,5618,3,7,82,S
5549,5420,3,7,82,S
5569,5527,2,7,82,S
5614,5635,3,7,82,S
5615,12611,3,7,82,S
5618,5480,3,7,82,S
5632,5569,3,7,82,S
5633,5352,3,7,82,S
5634,5633,3,7,82,S
5635,5642,3,7,82,S
5642,5634,3,7,82,S
5848,5849,3,7,82,S
5849,5615,3,7,82,S
5884,5888,3,7,82,S
5885,5051,3,7,82,S
5888,12649,3,7,82,S
5891,12638,3,7,82,S
5894,12644,3,7,82,S
5976,5983,3,7,82,S
5983,5885,3,7,82,S
5992,6018,2,7,82,S
6005,6097,3,7,82,S
6011,6005,3,7,82,S
6018,5976,2,7,82,S
6097,5992,3,7,82,S
6125,6011,2,7,82,S
6126,6125,2,7,82,S
6127,6126,2,7,82,S
6129,6127,2,7,82,S
6134,13024,2,7,82,S
6135,6136,2,7,82,S
6136,6134,2,7,82,S
6164,6165,2,7,82,S
6165,6169,2,7,82,S
6169,6176,2,7,82,S
6172,6164,2,7,82,S
6176,6313,2,7,82,S
6186,6172,2,7,82,S
6236,6415,2,7,82,S
6302,6354,3,7,82,S
6309,6302,3,7,82,S
6310,6329,2,7,82,S
6313,6135,2,7,82,S
6329,13034,3,7,82,S
6354,6689,3,7,82,S
6364,13043,3,7,82,S
6366,6367,2,7,82,S
6367,13008,2,7,82,S
6412,6414,2,7,82,S
6414,6310,2,7,82,S
6415,6412,2,7,82,S
6425,6544,2,7,82,S
6476,6590,2,7,82,S
6482,6511,3,7,82,S
6484,6489,1,7,82,S
6486,6482,3,7,82,S
6489,6486,3,7,82,S
6511,6512,3,7,82,S
6512,6619,3,7,82,S
6529,6531,3,7,82,S
6531,6535,3,7,82,S
6532,6529,3,7,82,S
6535,6425,3,7,82,S
6543,6236,2,7,82,S
6544,6547,2,7,82,S
6547,6543,2,7,82,S
6590,6484,3,7,82,S
6614,6476,3,7,82,S
6615,6614,3,7,82,S
6619,6532,3,7,82,S
6631,6615,3,7,82,S
6632,6631,2,7,82,S
6638,6713,3,7,82,S
6689,6364,3,7,82,S
6692,6638,3,7,82,S
6699,6632,3,7,82,S
6701,6705,2,7,82,S
6703,6701,2,7,82,S
6705,6692,2,7,82,S
6713,6699,3,7,82,S
6843,6851,2,7,82,S
6851,6703,2,7,82,S
6879,6882,2,7,82,S
6882,6843,2,7,82,S
12560,5334,3,7,82,S
12611,5614,3,7,82,S
12638,5894,3,7,82,S
12644,5848,3,7,82,S
12649,5891,3,7,82,S
13008,6186,2,7,82,S
13024,6129,2,7,82,S
13034,6309,3,7,82,S
13043,6366,3,7,82,S
2762,8327,2,3,84,E
3543,4020,1,4,84,E
3771,3783,2,7,84,E
3783,3786,2,7,84,E
3785,3791,2,7,84,E
3786,3785,2,7,84,E
3791,3793,2,7,84,E
3793,3938,1,7,84,E
3795,3939,1,7,84,E
3796,3795,1,7,84,E
3798,12049,1,4,84,E
3858,8329,2,3,84,E
3896,3954,3,2,84,E
3897,3886,3,2,84,E
3899,3897,3,2,84,E
3938,3796,2,7,84,E
3952,3899,3,2,84,E
3954,3952,3,2,84,E
4020,4056,1,4,84,E
4052,4053,1,4,84,E
4053,2762,1,3,84,E
4056,4052,1,4,84,E
5356,11633,1,4,84,E
5922,20308,3,2,84,E
5926,5922,3,3,84,E
5939,3896,3,2,84,E
5942,5945,3,3,84,E
5943,5942,3,3,84,E
5944,5943,3,3,84,E
5945,5925,3,3,84,E
5945,5926,3,3,84,E
6010,6012,2,3,84,E
6011,6123,2,3,84,E
6012,6013,2,3,84,E
6013,6011,2,3,84,E
6041,13026,2,3,84,E
6042,6065,1,4,84,E
6043,6042,1,4,84,E
6054,6041,2,3,84,E
6065,6054,2,7,84,E
6120,6119,3,3,84,E
6121,6120,2,3,84,E
6123,6121,2,3,84,E
8179,8192,1,4,84,E
8192,11499,1,4,84,E
8323,8766,2,3,84,E
8324,8323,2,3,84,E
8327,8328,2,3,84,E
8328,3858,2,3,84,E
8329,8324,3,3,84,E
8766,8767,2,3,84,E
10436,10437,1,7,84,E
10437,10438,1,7,84,E
10438,10439,1,7,84,E
10439,10440,1,7,84,E
10440,10441,1,7,84,E
10441,10442,1,7,84,E
10442,10443,1,7,84,E
11499,6043,1,4,84,E
11633,11648,1,4,84,E
11648,11673,1,4,84,E
11673,11676,1,4,84,E
11676,11719,1,4,84,E
11719,11776,1,4,84,E
11776,8179,1,4,84,E
11895,10436,1,7,84,E
12049,3543,1,4,84,E
13026,6010,2,3,84,E
20308,5939,3,2,84,E
2762,4053,1,3,84,W
3543,12049,1,4,84,W
3783,3771,2,7,84,W
3785,3786,2,7,84,W
3786,3783,2,7,84,W
3791,3785,2,7,84,W
3793,3791,2,7,84,W
3795,3796,1,7,84,W
3796,3938,2,7,84,W
3858,8328,2,3,84,W
3880,5938,3,2,84,W
3886,3898,3,2,84,W
3898,3933,2,2,84,W
3933,3934,2,2,84,W
3934,3953,2,2,84,W
3938,3793,1,7,84,W
3939,3795,1,7,84,W
3953,3865,2,2,84,W
4020,3543,1,4,84,W
4052,4056,1,4,84,W
4053,4052,1,4,84,W
4056,4020,1,4,84,W
5921,5925,3,3,84,W
5925,5945,3,3,84,W
5926,5945,3,3,84,W
5938,20309,3,2,84,W
5942,5943,3,3,84,W
5943,5944,3,3,84,W
5945,5942,3,3,84,W
6010,13026,2,3,84,W
6011,6013,2,3,84,W
6012,6010,2,3,84,W
6013,6012,2,3,84,W
6041,6054,2,3,84,W
6042,6043,1,4,84,W
6043,11499,1,4,84,W
6054,6065,2,7,84,W
6065,6042,1,4,84,W
6119,6120,3,3,84,W
6120,6121,2,3,84,W
6121,6123,2,3,84,W
6123,6011,2,3,84,W
8179,11776,1,4,84,W
8192,8179,1,4,84,W
8323,8324,2,3,84,W
8324,8329,3,3,84,W
8327,2762,2,3,84,W
8328,8327,2,3,84,W
8329,3858,2,3,84,W
8766,8323,2,3,84,W
8767,8766,2,3,84,W
9433,20243,1,2,84,W
9894,9895,1,2,84,W
10180,10181,1,2,84,W
10181,9894,1,2,84,W
10436,11895,1,7,84,W
10437,10436,1,7,84,W
10438,10437,1,7,84,W
10439,10438,1,7,84,W
10440,10439,1,7,84,W
10441,10440,1,7,84,W
10442,10441,1,7,84,W
10443,10442,1,7,84,W
11499,8192,1,4,84,W
11633,5356,1,4,84,W
11648,11633,1,4,84,W
11673,11648,1,4,84,W
11676,11673,1,4,84,W
11719,11676,1,4,84,W
11776,11719,1,4,84,W
12049,3798,1,4,84,W
13026,6041,2,3,84,W
20243,10180,1,2,84,W
20309,5921,3,2,84,W
4333,4577,1,1,85,N
4335,4376,2,2,85,N
4376,4394,2,2,85,N
4394,4404,2,2,85,N
4404,4430,2,2,85,N
4430,4432,3,2,85,N
4432,4436,2,2,85,N
4436,4454,3,2,85,N
4454,4458,2,2,85,N
4458,4505,2,2,85,N
4505,4518,2,2,85,N
4518,4560,3,2,85,N
4558,4998,3,2,85,N
4560,4558,2,2,85,N
4577,4335,2,2,85,N
4616,4626,2,2,85,N
4626,4636,2,2,85,N
4636,4716,2,2,85,N
4664,5561,2,2,85,N
4716,4720,2,2,85,N
4720,4726,2,2,85,N
4724,4616,2,2,85,N
4726,4744,2,2,85,N
4744,4752,2,2,85,N
4752,4754,3,2,85,N
4754,4664,3,2,85,N
4998,4724,2,2,85,N
5156,5641,2,1,85,N
5523,5156,2,2,85,N
5525,5523,2,2,85,N
5526,5528,2,2,85,N
5528,5525,2,2,85,N
5557,5526,2,2,85,N
5560,5557,2,2,85,N
5561,5560,2,2,85,N
9084,9085,1,2,85,N
9085,9086,1,2,85,N
9086,9087,1,2,85,N
9087,9088,1,2,85,N
9088,9089,1,2,85,N
9089,9090,1,2,85,N
9090,20117,1,2,85,N
9092,9093,1,2,85,N
9093,9094,1,2,85,N
9094,20118,1,2,85,N
9096,20121,1,2,85,N
9098,20122,1,2,85,N
9115,20123,1,2,85,N
9117,9118,1,2,85,N
9118,9119,1,2,85,N
9119,9127,1,2,85,N
9127,9129,1,2,85,N
9129,9131,1,2,85,N
9131,20125,1,2,85,N
9135,20131,1,2,85,N
9139,10105,1,2,85,N
9253,9251,1,2,85,N
9254,20130,1,2,85,N
10091,9084,1,1,85,N
10105,10106,1,2,85,N
10106,10107,1,2,85,N
10107,9254,1,2,85,N
20117,9092,1,2,85,N
20118,9096,1,2,85,N
20121,9098,1,2,85,N
20122,9115,1,2,85,N
20123,9117,1,2,85,N
20125,9135,1,2,85,N
20130,9253,1,2,85,N
20131,9139,1,2,85,N
4347,4594,2,2,85,S
4374,4332,1,1,85,S
4377,4347,2,2,85,S
4393,4377,2,2,85,S
4403,4393,2,2,85,S
4429,4403,2,2,85,S
4431,4429,3,2,85,S
4435,4431,2,2,85,S
4455,4435,3,2,85,S
4459,4455,2,2,85,S
4519,4549,2,2,85,S
4549,4459,2,2,85,S
4557,4561,2,2,85,S
4561,4519,3,2,85,S
4581,4557,3,2,85,S
4594,4374,2,2,85,S
4615,4745,2,2,85,S
4621,4615,2,2,85,S
4627,4621,2,2,85,S
4665,4759,5,2,85,S
4717,4627,2,2,85,S
4721,4717,2,2,85,S
4745,4581,2,2,85,S
4753,4721,2,2,85,S
4755,4753,2,2,85,S
4757,4755,2,2,85,S
4759,4757,3,2,85,S
5141,5644,2,2,85,S
5559,5562,2,2,85,S
5562,4665,2,2,85,S
5568,5571,2,2,85,S
5571,5559,2,2,85,S
5630,5141,2,1,85,S
5644,5646,2,2,85,S
5646,5647,2,2,85,S
5647,5568,2,2,85,S
9035,9036,1,2,85,S
9036,9037,1,2,85,S
9037,9062,1,2,85,S
9062,9063,1,2,85,S
9063,9064,1,2,85,S
9064,9065,1,2,85,S
9065,9066,1,2,85,S
9066,20124,1,2,85,S
9068,20120,1,2,85,S
9070,20119,1,2,85,S
9072,9073,1,2,85,S
9073,9074,1,2,85,S
9074,20116,1,2,85,S
9076,9077,1,2,85,S
9077,9078,1,2,85,S
9078,9079,1,2,85,S
9079,9080,1,2,85,S
9080,9081,1,2,85,S
9081,9082,1,2,85,S
9082,9083,1,2,85,S
9083,10547,1,2,85,S
9250,20128,1,2,85,S
9373,9250,1,2,85,S
10100,10101,1,2,85,S
10101,10102,1,2,85,S
10102,20127,1,2,85,S
10104,20126,1,2,85,S
10547,10058,1,1,85,S
20116,9076,1,2,85,S
20119,9072,1,2,85,S
20120,9070,1,2,85,S
20124,9068,1,2,85,S
20126,9035,1,2,85,S
20127,10104,1,2,85,S
20128,20129,1,2,85,S
20129,10100,1,2,85,S
4166,4417,2,2,87,N
4168,5196,2,2,87,N
4417,5034,2,2,87,N
4432,4434,2,1,87,N
4434,4775,2,2,87,N
4435,4434,2,1,87,N
4760,4762,2,2,87,N
4762,4808,2,2,87,N
4775,4760,2,2,87,N
4808,4812,2,2,87,N
4812,4884,2,2,87,N
4884,4892,3,2,87,N
4892,4168,2,2,87,N
5034,5038,2,2,87,N
5038,5071,2,2,87,N
5065,5168,2,2,87,N
5071,5065,2,2,87,N
5168,5282,2,2,87,N
5196,4166,2,2,87,N
9351,9360,1,2,87,N
9360,9377,1,2,87,N
9374,9378,1,2,87,N
9377,20115,1,2,87,N
9378,9382,1,2,87,N
9382,20112,1,2,87,N
9389,20109,1,2,87,N
9394,9397,1,2,87,N
9397,9155,1,2,87,N
9402,20113,1,2,87,N
9403,9389,1,2,87,N
9871,9351,1,2,87,N
20109,9394,1,2,87,N
20111,9402,1,2,87,N
20112,20111,1,2,87,N
20113,9403,1,2,87,N
20115,9374,1,2,87,N
4192,5073,2,2,87,S
4433,4431,2,1,87,S
4433,4436,2,1,87,S
4761,4772,2,2,87,S
4772,4774,2,2,87,S
4774,4433,2,2,87,S
4807,4761,2,2,87,S
4811,4807,2,2,87,S
4885,4811,3,2,87,S
4891,4885,3,2,87,S
5033,5195,2,2,87,S
5035,5033,2,2,87,S
5055,5035,2,2,87,S
5073,5091,2,2,87,S
5091,5055,2,2,87,S
5117,4192,2,2,87,S
5193,4891,2,2,87,S
5195,5193,2,2,87,S
9162,9398,1,2,87,S
9363,9887,1,2,87,S
9365,9363,1,2,87,S
9366,9365,1,2,87,S
9369,9366,1,2,87,S
9370,9369,1,2,87,S
9381,9370,1,2,87,S
9386,9381,1,2,87,S
9390,9404,1,2,87,S
9393,20110,1,2,87,S
9398,9393,1,2,87,S
9404,20114,1,2,87,S
9405,9406,1,2,87,S
9406,9386,1,2,87,S
20110,9390,1,2,87,S
20114,9405,1,2,87,S
2078,6219,1,7,92,E
2204,2078,1,7,92,E
2205,2204,1,7,92,E
2343,2205,1,7,92,E
2480,2343,1,7,92,E
2527,2480,1,7,92,E
2530,2527,1,7,92,E
2609,2530,1,7,92,E
2612,2609,2,7,92,E
2622,2612,2,7,92,E
2626,2622,2,7,92,E
2627,2626,2,7,92,E
2629,2627,2,7,92,E
2707,2629,2,7,92,E
3229,3230,3,2,92,E
3230,3657,4,2,92,E
3596,3612,2,2,92,E
3610,12262,3,7,92,E
3611,3610,3,7,92,E
3612,3616,3,7,92,E
3616,3611,3,7,92,E
3636,3596,3,2,92,E
3642,3649,3,2,92,E
3649,3229,3,2,92,E
3651,3654,4,2,92,E
3654,3662,3,2,92,E
3657,3651,4,2,92,E
3662,3636,3,2,92,E
4802,2707,2,7,92,E
4803,4802,2,7,92,E
4806,4803,2,7,92,E
4809,4806,2,7,92,E
4810,4809,1,7,92,E
4834,4810,1,7,92,E
4836,4834,1,7,92,E
4837,4836,1,7,92,E
4838,4837,1,7,92,E
4839,4838,1,7,92,E
4840,4839,1,7,92,E
4841,4840,1,7,92,E
4843,4841,1,7,92,E
4844,4843,2,7,92,E
4849,4844,2,7,92,E
6080,6081,3,2,92,E
6081,6283,2,2,92,E
6087,6396,4,2,92,E
6088,6087,3,2,92,E
6215,4849,2,7,92,E
6219,6233,2,7,92,E
6233,6080,2,2,92,E
6260,6264,2,2,92,E
6264,6266,3,2,92,E
6266,6296,2,2,92,E
6283,6260,3,2,92,E
6286,6355,3,2,92,E
6287,6286,2,2,92,E
6291,6287,2,2,92,E
6296,6291,2,2,92,E
6355,6357,2,2,92,E
6357,6358,2,2,92,E
6358,6384,2,2,92,E
6382,6383,3,2,92,E
6383,3642,3,2,92,E
6384,6088,3,2,92,E
6396,6400,3,2,92,E
6400,6382,3,2,92,E
12262,3579,3,7,92,E
2078,2204,1,7,92,W
2204,2205,1,7,92,W
2205,2343,1,7,92,W
2343,2480,1,7,92,W
2480,2527,1,7,92,W
2527,2530,1,7,92,W
2530,2609,1,7,92,W
2609,2612,1,7,92,W
2612,2622,1,7,92,W
2622,2626,1,7,92,W
2626,2627,1,7,92,W
2627,2629,1,7,92,W
2629,2707,1,7,92,W
2707,4802,1,7,92,W
3224,3550,3,2,92,W
3225,3539,3,2,92,W
3539,3224,3,2,92,W
3550,3663,3,2,92,W
3579,12262,3,7,92,W
3610,3611,3,7,92,W
3611,3616,3,7,92,W
3612,3614,2,2,92,W
3614,3634,2,2,92,W
3616,3612,3,7,92,W
3634,3658,4,2,92,W
3650,6381,3,2,92,W
3653,3225,3,2,92,W
3655,3656,3,2,92,W
3656,3653,3,2,92,W
3658,3655,4,2,92,W
3663,3650,7,6,92,W
4802,4803,1,7,92,W
4803,4806,1,7,92,W
4806,4809,1,7,92,W
4809,4810,1,7,92,W
4810,4834,1,7,92,W
4834,4836,1,7,92,W
4836,4837,1,7,92,W
4837,4838,1,7,92,W
4838,4839,1,7,92,W
4839,4840,1,7,92,W
4840,4841,1,7,92,W
4841,4843,1,7,92,W
4843,4844,2,7,92,W
4844,4849,2,7,92,W
4849,6215,2,7,92,W
6089,6093,3,2,92,W
6093,6395,4,2,92,W
6219,2078,1,7,92,W
6233,6219,2,7,92,W
6257,6265,2,2,92,W
6259,6272,3,2,92,W
6263,6259,2,2,92,W
6265,6263,2,2,92,W
6270,6233,2,2,92,W
6271,6270,3,2,92,W
6272,6271,2,2,92,W
6290,6257,2,2,92,W
6301,6304,2,2,92,W
6303,6301,3,2,92,W
6304,6290,2,2,92,W
6346,6303,2,2,92,W
6347,6346,3,2,92,W
6381,6393,3,2,92,W
6393,6398,3,2,92,W
6395,6347,2,2,92,W
6397,6089,3,2,92,W
6398,6397,3,2,92,W
10182,11123,1,2,92,W
10183,3650,1,2,92,W
11123,10183,1,2,92,W
12262,3610,3,7,92,W
20444,10182,1,2,92,W
20445,20449,1,2,92,W
20446,20445,1,2,92,W
20447,20446,1,2,92,W
20449,20444,1,2,92,W
4150,20364,2,2,101,N
4169,4183,3,2,101,N
4173,4751,3,2,101,N
4177,4173,3,2,101,N
4180,4181,3,2,101,N
4181,4169,3,2,101,N
4183,4177,3,2,101,N
4187,10677,4,2,101,N
4188,4180,2,2,101,N
4204,4226,3,2,101,N
4205,4204,3,2,101,N
4225,4234,3,2,101,N
4226,4225,3,2,101,N
4230,4236,3,2,101,N
4234,4230,3,2,101,N
4236,4272,3,2,101,N
4272,5079,3,2,101,N
4302,4304,3,2,101,N
4304,4340,3,2,101,N
4333,4302,3,2,101,N
4340,4341,3,2,101,N
4341,4424,3,2,101,N
4379,12673,3,2,101,N
4395,4994,3,2,101,N
4400,4395,4,2,101,N
4422,4400,3,2,101,N
4424,4379,3,2,101,N
4593,4634,3,2,101,N
4634,4205,3,2,101,N
4751,12239,3,2,101,N
4994,5001,5,2,101,N
4995,5006,3,2,101,N
5001,4995,4,2,101,N
5006,5028,3,2,101,N
5007,12241,3,2,101,N
5009,5007,3,2,101,N
5013,5009,3,2,101,N
5015,5013,3,2,101,N
5028,5015,4,2,101,N
5078,4333,3,2,101,N
5079,5078,3,2,101,N
5601,5602,3,2,101,N
5602,5653,3,2,101,N
5641,5819,3,2,101,N
5653,5655,3,2,101,N
5655,5656,3,2,101,N
5656,5658,3,2,101,N
5658,5659,3,2,101,N
5659,5661,3,2,101,N
5661,5662,3,2,101,N
5662,5825,3,2,101,N
5680,5692,3,2,101,N
5690,5680,3,2,101,N
5692,5694,3,2,101,N
5694,5695,3,2,101,N
5695,5696,5,2,101,N
5696,5698,3,2,101,N
5698,5699,3,2,101,N
5699,5701,3,2,101,N
5701,5601,4,2,101,N
5716,5690,3,2,101,N
5718,5716,3,2,101,N
5720,5718,3,2,101,N
5814,5952,3,2,101,N
5815,20305,4,2,101,N
5816,5815,3,2,101,N
5817,5816,4,2,101,N
5818,5817,3,2,101,N
5819,5818,4,2,101,N
5821,5641,4,2,101,N
5822,5821,3,2,101,N
5823,5822,3,2,101,N
5824,5823,3,2,101,N
5825,5824,3,2,101,N
5933,6146,3,2,101,N
5936,5933,4,2,101,N
5949,5936,3,2,101,N
5950,5949,4,2,101,N
5951,5950,3,2,101,N
5952,5951,4,2,101,N
5956,6733,4,2,101,N
6109,6110,5,2,101,N
6110,6341,5,2,101,N
6144,15859,4,2,101,N
6146,6151,4,2,101,N
6149,6194,4,2,101,N
6150,6149,4,2,101,N
6151,6150,4,2,101,N
6159,6181,4,2,101,N
6161,6159,4,2,101,N
6178,6388,4,2,101,N
6181,6178,4,2,101,N
6190,6316,5,2,101,N
6194,6161,4,2,101,N
6315,6409,5,2,101,N
6316,6315,4,2,101,N
6320,6190,5,2,101,N
6341,6320,4,2,101,N
6374,6109,5,2,101,N
6385,6386,5,2,101,N
6386,6374,4,2,101,N
6388,6385,4,2,101,N
6409,6540,4,2,101,N
6538,6561,4,2,101,N
6540,6538,5,2,101,N
6551,6592,4,2,101,N
6554,6567,5,2,101,N
6557,6554,5,2,101,N
6560,6557,5,2,101,N
6561,6560,4,2,101,N
6567,6551,5,2,101,N
6571,6574,4,2,101,N
6572,6571,4,2,101,N
6574,6144,4,2,101,N
6576,6572,5,2,101,N
6578,6576,4,2,101,N
6581,6578,5,2,101,N
6583,6581,5,2,101,N
6592,6583,6,2,101,N
6730,6803,5,2,101,N
6733,6736,4,2,101,N
6736,6730,5,2,101,N
6803,6806,3,1,101,N
6803,6818,3,1,101,N
6806,6809,3,1,101,N
6809,6922,3,1,101,N
6818,6959,2,1,101,N
6887,7710,3,7,101,N
6922,6925,5,2,101,N
6925,7094,4,2,101,N
7004,7320,2,2,101,N
7040,7077,2,1,101,N
7041,7077,2,1,101,N
7074,7041,2,1,101,N
7075,7112,2,5,101,N
7075,7192,2,5,101,N
7077,7075,3,5,101,N
7082,7074,2,1,101,N
7094,7375,4,2,101,N
7110,7556,2,7,101,N
7111,7110,3,7,101,N
7112,7111,2,5,101,N
7113,7114,2,7,101,N
7114,7110,3,7,101,N
7192,7209,2,5,101,N
7316,7800,4,2,101,N
7318,7316,2,2,101,N
7319,7338,2,2,101,N
7320,7319,2,2,101,N
7324,7004,5,2,101,N
7326,7324,3,2,101,N
7330,7326,3,2,101,N
7333,7330,3,5,101,N
7334,7333,3,7,101,N
7338,7318,2,2,101,N
7375,7082,4,2,101,N
7436,7439,2,7,101,N
7439,7440,2,7,101,N
7440,13643,2,7,101,N
7449,7462,2,7,101,N
7456,7463,2,7,101,N
7462,7456,2,7,101,N
7463,7436,2,7,101,N
7471,7690,2,7,101,N
7530,7471,2,7,101,N
7552,7663,2,7,101,N
7553,7552,2,7,101,N
7554,7606,2,7,101,N
7555,7554,2,7,101,N
7556,7555,2,7,101,N
7561,7530,2,7,101,N
7606,7553,2,7,101,N
7663,7449,2,7,101,N
7689,7708,2,7,101,N
7690,7689,2,7,101,N
7708,7709,3,7,101,N
7709,6887,3,7,101,N
7710,7711,3,7,101,N
7711,7712,3,7,101,N
7712,7334,3,7,101,N
7800,7803,4,2,101,N
7803,7806,4,2,101,N
7806,7813,4,2,101,N
7813,7820,4,2,101,N
7820,7821,5,2,101,N
7821,20244,4,2,101,N
7836,7838,3,2,101,N
7838,7845,4,2,101,N
7845,7846,3,2,101,N
7846,7849,5,2,101,N
7849,7906,5,2,101,N
7856,7858,3,2,101,N
7858,7900,4,2,101,N
7900,7902,3,2,101,N
7902,7904,4,2,101,N
7904,7908,3,2,101,N
7906,7856,4,2,101,N
7908,7930,4,2,101,N
7925,11995,3,2,101,N
7927,7971,3,2,101,N
7930,7934,6,2,101,N
7934,7940,4,2,101,N
7940,7942,3,2,101,N
7942,7950,4,2,101,N
7950,7952,3,2,101,N
7952,7962,4,2,101,N
7962,7964,3,2,101,N
7964,7925,4,2,101,N
7971,8004,3,2,101,N
8002,8063,3,2,101,N
8004,8002,4,2,101,N
8012,8375,2,2,101,N
8033,20340,2,2,101,N
8034,8033,3,2,101,N
8044,12256,2,2,101,N
8046,8044,2,2,101,N
8063,8066,4,2,101,N
8066,8067,3,2,101,N
8067,8075,3,2,101,N
8075,8107,3,2,101,N
8107,8108,3,2,101,N
8108,8034,3,2,101,N
8170,8352,3,2,101,N
8218,8410,2,2,101,N
8227,8240,2,2,101,N
8238,8227,2,2,101,N
8240,8242,2,2,101,N
8242,8243,2,2,101,N
8243,8244,2,2,101,N
8244,8245,2,2,101,N
8245,8218,2,2,101,N
8247,8261,2,2,101,N
8261,8591,2,2,101,N
8269,8436,3,2,101,N
8270,8269,2,2,101,N
8294,8345,2,2,101,N
8334,8170,2,2,101,N
8342,8793,2,2,101,N
8345,8342,2,2,101,N
8352,8354,2,2,101,N
8354,8408,3,2,101,N
8374,8294,2,2,101,N
8375,8382,3,2,101,N
8382,8383,2,2,101,N
8383,8374,3,2,101,N
8405,8012,3,2,101,N
8406,8405,2,2,101,N
8408,8406,2,2,101,N
8410,8247,2,2,101,N
8419,20324,2,2,101,N
8436,8419,2,2,101,N
8462,8476,2,2,101,N
8463,8462,2,2,101,N
8465,8463,2,2,101,N
8472,8598,2,2,101,N
8476,8495,2,2,101,N
8478,14505,2,2,101,N
8479,8480,2,2,101,N
8480,8481,2,2,101,N
8481,8489,2,2,101,N
8488,8479,2,2,101,N
8489,8483,2,2,101,N
8495,8496,2,2,101,N
8496,8488,2,2,101,N
8591,20526,2,2,101,N
8594,8478,2,2,101,N
8598,10017,2,2,101,N
8787,8465,2,2,101,N
8792,12252,2,2,101,N
8793,8792,2,2,101,N
9161,20208,1,2,101,N
9163,9164,1,2,101,N
9164,10015,1,2,101,N
9165,20143,1,2,101,N
9167,20144,1,2,101,N
9169,9170,1,2,101,N
9170,20108,1,2,101,N
9251,20090,1,2,101,N
9318,20073,1,2,101,N
9322,9323,1,2,101,N
9323,20074,1,2,101,N
9324,20075,1,2,101,N
9355,20087,1,2,101,N
9357,9355,1,2,101,N
9359,20094,1,2,101,N
9361,9359,1,2,101,N
9367,20093,1,2,101,N
9371,20091,1,2,101,N
9375,20207,1,2,101,N
9379,9375,1,2,101,N
9383,20098,1,2,101,N
9387,20101,1,2,101,N
9391,20099,1,2,101,N
9395,20104,1,2,101,N
9399,20106,1,2,101,N
9401,9399,1,2,101,N
9434,9435,1,2,101,N
9435,9436,1,2,101,N
9436,9437,1,2,101,N
9437,9438,1,2,101,N
9438,9439,1,2,101,N
9439,9440,1,2,101,N
9440,9441,1,2,101,N
9441,9623,1,2,101,N
9442,9434,1,2,101,N
9481,10132,1,2,101,N
9613,9624,1,2,101,N
9615,9613,1,2,101,N
9617,9615,1,2,101,N
9619,9617,1,2,101,N
9621,9619,1,2,101,N
9623,9621,1,2,101,N
9624,9625,1,2,101,N
9625,20054,1,2,101,N
9626,9627,1,2,101,N
9627,9628,1,2,101,N
9628,9629,1,2,101,N
9629,20055,1,2,101,N
9631,9632,1,2,101,N
9632,9633,1,2,101,N
9633,9634,1,2,101,N
9634,9442,1,2,101,N
9642,20245,1,2,101,N
9654,20056,1,2,101,N
9657,20057,1,2,101,N
9659,9660,1,2,101,N
9660,9661,1,2,101,N
9661,20342,1,2,101,N
9870,20147,1,2,101,N
9872,9873,1,2,101,N
9873,9874,1,2,101,N
9874,9875,1,2,101,N
9875,9876,1,2,101,N
9876,20083,1,2,101,N
10014,9165,1,2,101,N
10015,10014,1,2,101,N
10017,8787,2,2,101,N
10020,10021,1,2,101,N
10021,9327,1,2,101,N
10024,10714,1,2,101,N
10025,10024,1,2,101,N
10088,10089,1,2,101,N
10089,10090,1,2,101,N
10090,10091,1,2,101,N
10091,10096,1,2,101,N
10096,10123,1,2,101,N
10123,10125,1,2,101,N
10125,10126,1,2,101,N
10126,10128,1,2,101,N
10128,20133,1,2,101,N
10130,9481,1,2,101,N
10132,20135,1,2,101,N
10134,20137,1,2,101,N
10136,10137,1,2,101,N
10137,20140,1,2,101,N
10599,9371,1,2,101,N
10677,20363,4,2,101,N
10713,11125,1,2,101,N
10714,20065,1,2,101,N
10716,20068,1,2,101,N
10726,10713,1,2,101,N
10728,20076,1,2,101,N
10730,10728,1,2,101,N
10732,10730,1,2,101,N
11124,10025,1,2,101,N
11125,11124,1,2,101,N
11995,7927,3,2,101,N
12216,4422,3,2,101,N
12239,4593,3,2,101,N
12240,5720,3,2,101,N
12241,12240,3,2,101,N
12251,8594,2,2,101,N
12252,12251,2,2,101,N
12255,8334,2,2,101,N
12256,12255,2,2,101,N
12673,12216,3,2,101,N
13643,7561,2,7,101,N
14505,14507,2,2,101,N
14507,8472,2,2,101,N
15858,5956,4,2,101,N
15859,15858,4,2,101,N
20054,9626,1,2,101,N
20055,9654,1,2,101,N
20056,9657,1,2,101,N
20057,9659,1,2,101,N
20065,20066,1,2,101,N
20066,20067,1,2,101,N
20067,10716,1,2,101,N
20068,20069,1,2,101,N
20069,20070,1,2,101,N
20070,20071,1,2,101,N
20071,20072,1,2,101,N
20072,9318,1,2,101,N
20073,9322,1,2,101,N
20074,9324,1,2,101,N
20075,10020,1,2,101,N
20076,10726,1,2,101,N
20083,9878,1,2,101,N
20087,9870,1,2,101,N
20090,9361,1,2,101,N
20091,9367,1,2,101,N
20093,9251,1,2,101,N
20094,9357,1,2,101,N
20098,9379,1,2,101,N
20099,9387,1,2,101,N
20101,9383,1,2,101,N
20104,9391,1,2,101,N
20106,9395,1,2,101,N
20108,9401,1,2,101,N
20133,10130,1,2,101,N
20135,10134,1,2,101,N
20137,10136,1,2,101,N
20140,20141,1,2,101,N
20141,9161,1,2,101,N
20143,9167,1,2,101,N
20144,9169,1,2,101,N
20147,9872,1,2,101,N
20207,10599,1,2,101,N
20208,9163,1,2,101,N
20244,7836,4,2,101,N
20245,9631,1,2,101,N
20305,5814,4,2,101,N
20322,8046,2,2,101,N
20324,20322,2,2,101,N
20337,8238,2,2,101,N
20340,20337,2,2,101,N
20363,4188,2,2,101,N
20364,4187,3,2,101,N
20526,8270,2,2,101,N
4170,4182,3,2,101,S
4172,4170,3,2,101,S
4174,4178,3,2,101,S
4178,4172,3,2,101,S
4179,4188,2,2,101,S
4182,4179,3,2,101,S
4187,20364,3,2,101,S
4188,20363,2,2,101,S
4206,4208,3,2,101,S
4208,4591,3,2,101,S
4227,4206,3,2,101,S
4229,4227,3,2,101,S
4231,4233,3,2,101,S
4233,4229,3,2,101,S
4237,4231,3,2,101,S
4271,4237,3,2,101,S
4301,4332,3,2,101,S
4303,4301,3,2,101,S
4332,5077,3,2,101,S
4336,4303,3,2,101,S
4339,4336,3,2,101,S
4342,4339,3,2,101,S
4405,4418,3,2,101,S
4406,4405,4,2,101,S
4407,4423,3,2,101,S
4418,10144,4,2,101,S
4423,4342,3,2,101,S
4465,4406,3,2,101,S
4491,4465,6,2,101,S
4497,4498,3,2,101,S
4498,4491,5,2,101,S
4548,4568,3,2,101,S
4568,4578,3,2,101,S
4578,4174,3,2,101,S
4591,4548,3,2,101,S
5010,5018,3,2,101,S
5012,5010,3,2,101,S
5016,5027,4,2,101,S
5018,5016,3,2,101,S
5027,4497,3,2,101,S
5040,5041,4,2,101,S
5041,5043,4,2,101,S
5043,12242,3,2,101,S
5077,5080,3,2,101,S
5080,4271,3,2,101,S
5261,5263,3,2,101,S
5263,5264,5,2,101,S
5264,5266,3,2,101,S
5266,20535,3,2,101,S
5269,5270,3,2,101,S
5270,5040,3,2,101,S
5304,5603,3,2,101,S
5305,5307,3,2,101,S
5307,5261,3,2,101,S
5439,5440,3,2,101,S
5440,5442,3,2,101,S
5442,5443,3,2,101,S
5443,5304,3,2,101,S
5496,5498,3,2,101,S
5498,5499,3,2,101,S
5499,5501,3,2,101,S
5501,5502,3,2,101,S
5502,5505,3,2,101,S
5505,5506,3,2,101,S
5506,5439,3,2,101,S
5596,20536,4,2,101,S
5603,5604,3,2,101,S
5604,5305,4,2,101,S
5606,5609,3,2,101,S
5609,5627,4,2,101,S
5627,5628,3,2,101,S
5628,5630,3,2,101,S
5630,5496,4,2,101,S
5859,20304,4,2,101,S
5934,5988,4,2,101,S
5962,5963,4,2,101,S
5963,5964,3,2,101,S
5964,5966,4,2,101,S
5966,5859,3,2,101,S
5980,5994,4,2,101,S
5988,5962,3,2,101,S
5994,5995,4,2,101,S
5995,20079,4,2,101,S
5997,5934,3,2,101,S
6115,6117,4,2,101,S
6117,6118,4,2,101,S
6118,5997,4,2,101,S
6147,6115,4,2,101,S
6148,6147,4,2,101,S
6157,6148,4,2,101,S
6158,6160,4,2,101,S
6160,6162,4,2,101,S
6162,6157,4,2,101,S
6179,6158,4,2,101,S
6317,6318,5,2,101,S
6318,6321,5,2,101,S
6321,6323,4,2,101,S
6323,6343,5,2,101,S
6327,6328,4,2,101,S
6328,6556,4,2,101,S
6343,6359,4,2,101,S
6359,6362,5,2,101,S
6360,6179,4,2,101,S
6362,6360,4,2,101,S
6408,20533,5,2,101,S
6539,6541,5,2,101,S
6541,6408,4,2,101,S
6552,6569,5,2,101,S
6553,6558,5,2,101,S
6556,6570,5,2,101,S
6558,6559,5,2,101,S
6559,6562,6,2,101,S
6562,6539,4,2,101,S
6569,6553,5,2,101,S
6570,6577,5,2,101,S
6573,6327,4,2,101,S
6577,6579,4,2,101,S
6579,6584,4,2,101,S
6584,6593,5,2,101,S
6593,6552,4,2,101,S
6728,6731,5,2,101,S
6731,6734,4,2,101,S
6732,5980,4,2,101,S
6734,6732,4,2,101,S
6764,6808,3,1,101,S
6804,6728,5,2,101,S
6807,6804,3,1,101,S
6808,6807,3,1,101,S
6817,6804,3,1,101,S
6887,7709,3,7,101,S
6923,6764,3,1,101,S
6924,6923,5,2,101,S
6949,6817,2,1,101,S
7001,7325,4,2,101,S
7076,7078,3,5,101,S
7078,7039,2,1,101,S
7078,7079,2,1,101,S
7079,7080,2,1,101,S
7080,7081,4,2,101,S
7081,7374,4,2,101,S
7093,6924,4,2,101,S
7110,7114,3,7,101,S
7113,7076,2,5,101,S
7114,7113,2,7,101,S
7191,7076,2,5,101,S
7210,7191,2,5,101,S
7315,7339,4,2,101,S
7317,7315,4,2,101,S
7322,7323,4,2,101,S
7323,7001,4,2,101,S
7325,7327,3,2,101,S
7327,7331,4,2,101,S
7331,7333,3,5,101,S
7333,7334,3,7,101,S
7334,7712,3,7,101,S
7339,7322,4,2,101,S
7374,7093,4,2,101,S
7436,7463,2,7,101,S
7439,7436,2,7,101,S
7440,7439,2,7,101,S
7449,7663,2,7,101,S
7456,7462,2,7,101,S
7462,7449,2,7,101,S
7463,7456,2,7,101,S
7471,7530,2,7,101,S
7530,7561,2,7,101,S
7552,7553,2,7,101,S
7553,7606,2,7,101,S
7554,7555,2,7,101,S
7555,7556,2,7,101,S
7556,7110,2,7,101,S
7561,13643,2,7,101,S
7606,7554,2,7,101,S
7663,7552,2,7,101,S
7689,7690,2,7,101,S
7690,7471,2,7,101,S
7708,7689,2,7,101,S
7709,7708,3,7,101,S
7710,6887,3,7,101,S
7711,7710,3,7,101,S
7712,7711,3,7,101,S
7801,7317,4,2,101,S
7804,7801,4,2,101,S
7807,7804,4,2,101,S
7814,7807,4,2,101,S
7819,7814,4,2,101,S
7822,7819,4,2,101,S
7834,7822,4,2,101,S
7837,7834,3,2,101,S
7839,7837,3,2,101,S
7847,7839,4,2,101,S
7848,7847,3,2,101,S
7872,7873,3,2,101,S
7873,7994,4,2,101,S
7899,7872,3,2,101,S
7901,7899,3,2,101,S
7903,7901,4,2,101,S
7907,7903,3,2,101,S
7931,7907,4,2,101,S
7935,7931,4,2,101,S
7941,7935,3,2,101,S
7943,7941,3,2,101,S
7951,7943,3,2,101,S
7953,7951,3,2,101,S
7961,7953,4,2,101,S
7963,7961,3,2,101,S
7974,7975,3,2,101,S
7975,8005,3,2,101,S
7979,7974,3,2,101,S
7980,7979,3,2,101,S
7985,11487,3,2,101,S
7986,7963,4,2,101,S
7987,7985,3,2,101,S
7994,7995,3,2,101,S
7995,7848,3,2,101,S
8005,7987,3,2,101,S
8011,8433,3,2,101,S
8058,8096,2,2,101,S
8068,8069,3,2,101,S
8069,8159,3,2,101,S
8096,20321,2,2,101,S
8111,8068,3,2,101,S
8113,8111,3,2,101,S
8159,7980,4,2,101,S
8199,12257,2,2,101,S
8202,20338,2,2,101,S
8203,8202,2,2,101,S
8204,8203,2,2,101,S
8205,8207,2,2,101,S
8207,8204,2,2,101,S
8208,8205,3,2,101,S
8210,8208,2,2,101,S
8214,8210,2,2,101,S
8262,8322,2,2,101,S
8263,8262,2,2,101,S
8265,20525,2,2,101,S
8267,8265,2,2,101,S
8322,8214,2,2,101,S
8336,8199,2,2,101,S
8339,8350,3,2,101,S
8340,8339,2,2,101,S
8341,8344,2,2,101,S
8344,8340,2,2,101,S
8350,8432,2,2,101,S
8353,8336,3,2,101,S
8355,8353,2,2,101,S
8425,8426,2,2,101,S
8426,8355,3,2,101,S
8432,8434,3,2,101,S
8433,8425,2,2,101,S
8434,8011,2,2,101,S
8437,8267,3,2,101,S
8438,8437,2,2,101,S
8459,8460,2,2,101,S
8460,8466,2,2,101,S
8466,8467,2,2,101,S
8467,8786,2,2,101,S
8473,14506,2,2,101,S
8477,8593,2,2,101,S
8479,8488,2,2,101,S
8480,8479,2,2,101,S
8481,8480,2,2,101,S
8483,8489,2,2,101,S
8488,8497,2,2,101,S
8489,8481,2,2,101,S
8494,8459,2,2,101,S
8497,8494,2,2,101,S
8593,12249,2,2,101,S
8597,8473,2,2,101,S
8786,10016,2,2,101,S
8791,8341,2,2,101,S
8794,8791,2,2,101,S
9141,9145,1,2,101,S
9145,9147,1,2,101,S
9147,20142,1,2,101,S
9152,9153,1,2,101,S
9153,10012,1,2,101,S
9154,20145,1,2,101,S
9156,20146,1,2,101,S
9158,10108,1,2,101,S
9320,20027,1,2,101,S
9321,20026,1,2,101,S
9325,20024,1,2,101,S
9326,9321,1,2,101,S
9328,10018,1,2,101,S
9350,9354,1,2,101,S
9354,9356,1,2,101,S
9356,20537,1,2,101,S
9358,20088,1,2,101,S
9362,9373,1,2,101,S
9364,20092,1,2,101,S
9368,20095,1,2,101,S
9372,20097,1,2,101,S
9373,9364,1,2,101,S
9376,20096,1,2,101,S
9380,20100,1,2,101,S
9384,20102,1,2,101,S
9388,20103,1,2,101,S
9392,20105,1,2,101,S
9396,20107,1,2,101,S
9400,9141,1,2,101,S
9614,20228,1,2,101,S
9618,9620,1,2,101,S
9620,9622,1,2,101,S
9622,9649,1,2,101,S
9635,20050,1,2,101,S
9636,9643,1,2,101,S
9637,9638,1,2,101,S
9638,9639,1,2,101,S
9639,9640,1,2,101,S
9640,9641,1,2,101,S
9643,9637,1,2,101,S
9645,9646,1,2,101,S
9646,20053,1,2,101,S
9647,9648,1,2,101,S
9648,20227,1,2,101,S
9649,9650,1,2,101,S
9650,9651,1,2,101,S
9651,20052,1,2,101,S
9652,9653,1,2,101,S
9653,20051,1,2,101,S
9655,9635,1,2,101,S
9658,20048,1,2,101,S
9879,9880,1,2,101,S
9880,9881,1,2,101,S
9881,9882,1,2,101,S
9882,9883,1,2,101,S
9883,9884,1,2,101,S
9884,20084,1,2,101,S
9886,20085,1,2,101,S
9969,10035,1,2,101,S
10012,10013,1,2,101,S
10013,9154,1,2,101,S
10016,8597,2,2,101,S
10018,10019,1,2,101,S
10019,9325,1,2,101,S
10022,10023,1,2,101,S
10023,11126,1,2,101,S
10055,20132,1,2,101,S
10058,10059,1,2,101,S
10059,10086,1,2,101,S
10086,10087,1,2,101,S
10108,20139,1,2,101,S
10111,20136,1,2,101,S
10113,10114,1,2,101,S
10114,12275,1,2,101,S
10117,10118,1,2,101,S
10118,10120,1,2,101,S
10120,10121,1,2,101,S
10121,10122,1,2,101,S
10122,10055,1,2,101,S
10144,12671,3,2,101,S
10677,4187,4,2,101,S
10707,20030,1,2,101,S
10709,20033,1,2,101,S
10711,10022,1,2,101,S
10725,10727,1,2,101,S
10727,20349,1,2,101,S
11126,11127,1,2,101,S
11127,20034,1,2,101,S
11487,7986,3,2,101,S
12242,12243,4,2,101,S
12243,5012,3,2,101,S
12249,12250,2,2,101,S
12250,8794,2,2,101,S
12257,12258,2,2,101,S
12258,8058,2,2,101,S
12275,20134,1,2,101,S
12671,4407,3,2,101,S
13643,7440,2,7,101,S
14504,8477,2,2,101,S
14506,14504,2,2,101,S
20024,20025,1,2,101,S
20025,9326,1,2,101,S
20026,9320,1,2,101,S
20027,20028,1,2,101,S
20028,20029,1,2,101,S
20029,10707,1,2,101,S
20030,20031,1,2,101,S
20031,10709,1,2,101,S
20032,10711,1,2,101,S
20033,20032,1,2,101,S
20034,20036,1,2,101,S
20036,10725,1,2,101,S
20047,20049,1,2,101,S
20048,20047,1,2,101,S
20049,9655,1,2,101,S
20050,9645,1,2,101,S
20051,9636,1,2,101,S
20052,9652,1,2,101,S
20053,9647,1,2,101,S
20079,6573,4,2,101,S
20084,9886,1,2,101,S
20085,9350,1,2,101,S
20088,20089,1,2,101,S
20089,9362,1,2,101,S
20092,9368,1,2,101,S
20095,9372,1,2,101,S
20096,9380,1,2,101,S
20097,9376,1,2,101,S
20100,9384,1,2,101,S
20102,9388,1,2,101,S
20103,9392,1,2,101,S
20105,9396,1,2,101,S
20107,9400,1,2,101,S
20132,10058,1,2,101,S
20134,10117,1,2,101,S
20136,10113,1,2,101,S
20138,10111,1,2,101,S
20139,20138,1,2,101,S
20142,9152,1,2,101,S
20145,9156,1,2,101,S
20146,9158,1,2,101,S
20227,9614,1,2,101,S
20228,9618,1,2,101,S
20304,5596,4,2,101,S
20321,20323,2,2,101,S
20323,8438,2,2,101,S
20338,20339,2,2,101,S
20339,8113,2,2,101,S
20348,8263,2,2,101,S
20349,10731,1,2,101,S
20363,10677,4,2,101,S
20364,4150,2,2,101,S
20525,20348,2,2,101,S
20533,6317,5,2,101,S
20535,5269,3,2,101,S
20536,5606,4,2,101,S
20537,9358,1,2,101,S
5923,12412,2,7,109,N
5924,5921,2,7,109,N
5924,5922,1,7,109,N
5954,5923,2,7,109,N
5965,5954,2,7,109,N
12412,5924,2,7,109,N
5921,5924,2,7,109,S
5922,5924,1,7,109,S
5923,5954,2,7,109,S
5924,12412,2,7,109,S
5954,5965,2,7,109,S
12412,5923,2,7,109,S
3277,3356,3,7,112,N
3282,20314,2,7,112,N
3356,3370,2,7,112,N
3366,3367,2,7,112,N
3367,3368,2,7,112,N
3370,3366,2,7,112,N
20314,3277,3,7,112,N
3277,20314,3,7,112,S
3356,3277,3,7,112,S
3366,3370,2,7,112,S
3367,3366,2,7,112,S
3368,3367,2,7,112,S
3370,3356,2,7,112,S
20314,3282,2,7,112,S
11697,11712,1,7,113,N
11712,11788,1,7,113,N
11788,11922,1,7,113,N
11894,11697,1,7,113,N
11917,11921,2,2,113,N
11922,11936,1,7,113,N
11935,11910,2,7,113,N
11936,11934,1,7,113,N
11697,11894,1,7,113,S
11712,11697,1,7,113,S
11788,11712,1,7,113,S
11910,11935,2,7,113,S
11921,11917,2,2,113,S
11922,11788,1,7,113,S
11934,11936,1,7,113,S
11936,11922,1,7,113,S
5931,5937,3,3,114,N
5937,20425,2,3,114,N
5961,5931,2,7,114,N
20425,5926,2,3,114,N
5925,20424,2,3,114,S
5931,5961,2,7,114,S
5937,5931,3,3,114,S
20424,5937,2,3,114,S
8224,8255,2,7,116,E
8251,8252,1,7,116,E
8252,8285,1,7,116,E
8255,8251,2,7,116,E
8285,8392,1,7,116,E
8392,8283,1,7,116,E
8439,10370,1,7,116,E
8444,8439,2,7,116,E
8445,8535,2,7,116,E
8449,8534,1,4,116,E
8450,10258,1,7,116,E
8453,8445,2,7,116,E
8523,8259,1,7,116,E
8534,10260,1,7,116,E
8535,8444,2,7,116,E
8649,11500,1,4,116,E
10258,8453,1,7,116,E
10259,8450,1,7,116,E
10259,10260,1,7,116,E
10370,10371,1,7,116,E
10371,10372,1,7,116,E
10372,8523,1,7,116,E
11500,8449,1,4,116,E
8251,8255,2,7,116,W
8252,8251,1,7,116,W
8255,8224,2,7,116,W
8259,8523,1,7,116,W
8283,8392,1,7,116,W
8285,8252,1,7,116,W
8392,8285,1,7,116,W
8439,8444,2,7,116,W
8444,8535,2,7,116,W
8445,8453,2,7,116,W
8449,11500,1,4,116,W
8450,10259,1,7,116,W
8453,10258,1,7,116,W
8523,10372,1,7,116,W
8534,8449,1,4,116,W
8535,8445,2,7,116,W
10258,8450,1,7,116,W
10260,8534,1,7,116,W
10260,10259,1,7,116,W
10370,8439,1,7,116,W
10371,10370,1,7,116,W
10372,10371,1,7,116,W
11500,8649,1,4,116,W
8279,8283,1,7,121,N
8283,8284,1,7,121,N
8619,8620,1,4,121,N
8620,8621,1,4,121,N
8633,8697,2,7,121,N
8651,8707,2,7,121,N
8652,8662,1,7,121,N
8661,8619,1,7,121,N
8662,8661,1,7,121,N
8665,8666,1,7,121,N
8666,8652,1,7,121,N
8679,8695,2,3,121,N
8695,8665,2,7,121,N
8697,8651,2,7,121,N
8707,8679,2,7,121,N
8283,8279,1,7,121,S
8284,8283,1,7,121,S
8619,8661,1,7,121,S
8620,8619,1,4,121,S
8621,8620,1,4,121,S
8651,8697,2,7,121,S
8652,8666,1,7,121,S
8661,8662,1,7,121,S
8662,8652,1,7,121,S
8665,8695,2,7,121,S
8666,8665,1,7,121,S
8679,8707,2,7,121,S
8695,8679,2,3,121,S
8697,8633,2,7,121,S
8707,8651,2,7,121,S
2408,2412,2,7,123,N
2412,2407,2,7,123,N
2414,11544,2,7,123,N
2427,2414,2,7,123,N
2429,2430,3,7,123,N
2430,2427,2,7,123,N
2492,2429,2,7,123,N
2493,2492,2,7,123,N
2535,2536,2,7,123,N
2536,2493,2,7,123,N
2618,12062,2,7,123,N
2619,2535,2,7,123,N
2641,2642,1,4,123,N
2642,2657,2,7,123,N
2657,2658,2,7,123,N
2658,2659,2,7,123,N
2659,12069,2,7,123,N
11544,2408,2,7,123,N
12062,2619,2,7,123,N
12069,2618,2,7,123,N
2407,2406,3,7,123,S
2407,2412,2,7,123,S
2408,11544,2,7,123,S
2412,2408,2,7,123,S
2414,2427,2,7,123,S
2427,2430,2,7,123,S
2429,2492,2,7,123,S
2430,2429,3,7,123,S
2492,2493,2,7,123,S
2493,2536,2,7,123,S
2535,2619,2,7,123,S
2536,2535,2,7,123,S
2618,12069,2,7,123,S
2619,12062,2,7,123,S
2642,2641,1,4,123,S
2657,2642,2,7,123,S
2658,2657,2,7,123,S
2659,2658,2,7,123,S
11544,2414,2,7,123,S
12062,2618,2,7,123,S
12069,2659,2,7,123,S
8484,8485,1,7,128,E
8485,8607,1,7,128,E
8486,8484,1,4,128,E
8607,8605,2,7,128,E
8615,8624,1,4,128,E
8621,10251,1,4,128,E
8622,8621,1,4,128,E
8624,8622,1,4,128,E
8625,10246,1,4,128,E
10243,10247,1,4,128,E
10246,10243,1,4,128,E
10248,10247,1,4,128,E
10248,10249,1,4,128,E
10249,11957,1,4,128,E
10250,8625,1,4,128,E
10251,10250,1,4,128,E
8484,8486,1,4,128,W
8485,8484,1,7,128,W
8605,8607,2,7,128,W
8607,8485,1,7,128,W
8621,8622,1,4,128,W
8622,8624,1,4,128,W
8624,8615,1,4,128,W
8625,10250,1,4,128,W
10243,10246,1,4,128,W
10246,8625,1,4,128,W
10247,10243,1,4,128,W
10247,10248,1,4,128,W
10249,10248,1,4,128,W
10250,10251,1,4,128,W
10251,8621,1,4,128,W
11957,10249,1,4,128,W
5014,5240,2,7,130,E
5210,5234,2,7,130,E
5216,10446,1,4,130,E
5220,5224,2,7,130,E
5224,5216,1,4,130,E
5234,5220,2,7,130,E
5235,5210,1,7,130,E
5240,5241,2,7,130,E
5241,5235,2,7,130,E
10446,10447,1,4,130,E
10447,10448,1,4,130,E
10448,10449,1,4,130,E
10449,10450,1,4,130,E
10450,10451,1,4,130,E
10451,10452,1,4,130,E
10452,10453,1,4,130,E
5210,5235,1,7,130,W
5216,5224,1,4,130,W
5220,5234,2,7,130,W
5224,5220,2,7,130,W
5234,5210,2,7,130,W
5235,5241,2,7,130,W
5240,5014,2,7,130,W
5241,5240,2,7,130,W
10446,5216,1,4,130,W
10447,10446,1,4,130,W
10448,10447,1,4,130,W
10449,10448,1,4,130,W
10450,10449,1,4,130,W
10451,10450,1,4,130,W
10452,10451,1,4,130,W
10453,10452,1,4,130,W
7810,8172,1,7,131,E
7811,8173,2,7,131,E
7841,7844,1,7,131,E
7844,7811,2,7,131,E
8172,7809,1,7,131,E
8173,7810,2,7,131,E
7809,8172,1,7,131,W
7810,8173,2,7,131,W
7811,7844,2,7,131,W
7844,7841,1,7,131,W
8172,7810,1,7,131,W
8173,7811,2,7,131,W
4139,11593,2,3,152,E
4151,5427,1,7,152,E
4154,4176,2,7,152,E
4156,4158,1,7,152,E
4158,11591,1,7,152,E
4162,4156,1,7,152,E
4171,4162,2,7,152,E
4176,4175,2,7,152,E
4280,4151,1,7,152,E
4281,4280,1,7,152,E
5427,11208,1,4,152,E
11208,4154,1,4,152,E
11587,4139,1,7,152,E
11588,11587,1,7,152,E
11589,11588,1,7,152,E
11590,11589,1,7,152,E
11591,11590,1,7,152,E
11593,11594,2,3,152,E
11594,4138,3,3,152,E
4138,11594,2,3,152,W
4139,11587,1,7,152,W
4151,4280,1,7,152,W
4154,11208,1,4,152,W
4156,4162,1,7,152,W
4158,4156,1,7,152,W
4162,4171,2,7,152,W
4175,4176,2,7,152,W
4176,4154,2,7,152,W
4280,4281,1,7,152,W
5427,4151,1,7,152,W
11208,5427,1,4,152,W
11587,11588,1,7,152,W
11588,11589,1,7,152,W
11589,11590,1,7,152,W
11590,11591,1,7,152,W
11591,4158,1,7,152,W
11593,4139,2,3,152,W
11594,11593,2,3,152,W
4141,4139,1,3,156,E
11592,4141,1,3,156,E
4139,4141,1,3,156,W
4141,11592,1,3,156,W
1606,2000,1,7,160,N
1607,1606,1,7,160,N
1620,1607,1,7,160,N
1622,1668,3,2,160,N
1664,1620,1,7,160,N
1667,1664,1,7,160,N
1668,1682,1,7,160,N
1677,1678,2,2,160,N
1678,1679,2,2,160,N
1679,1622,2,2,160,N
1682,1667,1,7,160,N
1699,1751,3,2,160,N
1751,15981,3,2,160,N
1967,11896,1,7,160,N
1971,1967,1,7,160,N
1972,1971,1,7,160,N
2000,1972,1,7,160,N
10604,10605,1,2,160,N
10606,10604,1,2,160,N
15980,1677,3,2,160,N
15981,15980,3,2,160,N
1606,1607,1,7,160,S
1607,1620,1,7,160,S
1620,1664,1,7,160,S
1621,1674,2,2,160,S
1664,1667,1,7,160,S
1667,1682,1,7,160,S
1668,1673,2,2,160,S
1673,1621,2,2,160,S
1674,1675,2,2,160,S
1675,1676,2,2,160,S
1676,15978,3,2,160,S
1682,1668,1,7,160,S
1863,1692,3,2,160,S
1967,1971,1,7,160,S
1971,1972,1,7,160,S
1972,2000,1,7,160,S
2000,1606,1,7,160,S
11896,1967,1,7,160,S
15978,15979,3,2,160,S
15979,1863,3,2,160,S
3032,12091,1,7,185,N
3040,3098,1,7,185,N
3041,3040,1,7,185,N
3098,12086,1,7,185,N
3099,3100,1,7,185,N
3100,3101,1,7,185,N
3101,3032,1,7,185,N
3108,3197,1,7,185,N
3109,3108,1,7,185,N
3307,3388,2,7,185,N
3330,3467,1,7,185,N
3345,3472,1,7,185,N
3346,3330,1,7,185,N
3368,3345,2,7,185,N
3369,3368,2,7,185,N
3385,3307,2,7,185,N
3388,3483,2,7,185,N
3425,3436,2,7,185,N
3427,3385,3,7,185,N
3436,3494,2,7,185,N
3439,3446,2,7,185,N
3440,3439,2,7,185,N
3446,3427,2,7,185,N
3467,3041,1,7,185,N
3472,12114,1,7,185,N
3483,3369,2,7,185,N
3494,3440,2,7,185,N
3519,3425,2,7,185,N
3521,3527,2,7,185,N
3524,3521,2,7,185,N
3527,3566,2,7,185,N
3566,3519,2,7,185,N
3579,3524,2,7,185,N
12086,3099,1,7,185,N
12091,3109,1,7,185,N
12114,3346,1,7,185,N
3032,3101,1,7,185,S
3040,3041,1,7,185,S
3041,3467,1,7,185,S
3098,3040,1,7,185,S
3099,12086,1,7,185,S
3100,3099,1,7,185,S
3101,3100,1,7,185,S
3108,3109,1,7,185,S
3109,12091,1,7,185,S
3197,3108,1,7,185,S
3307,3385,2,7,185,S
3330,3346,1,7,185,S
3345,3368,2,7,185,S
3346,12114,1,7,185,S
3368,3369,2,7,185,S
3369,3483,2,7,185,S
3385,3427,3,7,185,S
3388,3307,2,7,185,S
3425,3519,2,7,185,S
3427,3446,2,7,185,S
3436,3425,2,7,185,S
3439,3440,2,7,185,S
3440,3494,2,7,185,S
3446,3439,2,7,185,S
3467,3330,1,7,185,S
3472,3345,1,7,185,S
3483,3388,2,7,185,S
3494,3436,2,7,185,S
3519,3566,2,7,185,S
3521,3524,2,7,185,S
3524,3579,2,7,185,S
3527,3521,2,7,185,S
3566,3527,2,7,185,S
12086,3098,1,7,185,S
12091,3032,1,7,185,S
12114,3472,1,7,185,S
10440,10444,1,7,220,E
10444,10445,1,7,220,E
10444,10440,1,7,220,W
10445,10444,1,7,220,W
8680,8696,2,3,221,N
8696,8679,2,3,221,N
8679,8696,2,3,221,S
8696,8680,2,3,221,S
4392,5806,2,3,237,E
4864,5670,2,2,237,E
4992,5504,2,2,237,E
5504,5663,2,2,237,E
5507,4992,2,2,237,E
5508,5521,2,2,237,E
5521,5533,2,2,237,E
5533,5534,2,2,237,E
5534,5507,2,2,237,E
5625,5508,2,2,237,E
5648,5870,3,2,237,E
5650,5648,2,2,237,E
5663,5664,2,2,237,E
5664,5669,2,2,237,E
5669,4864,2,2,237,E
5670,5671,2,2,237,E
5671,5650,3,2,237,E
5779,5765,2,7,237,E
5780,5779,2,3,237,E
5794,5803,3,3,237,E
5803,5804,3,3,237,E
5804,4392,3,3,237,E
5806,5780,3,3,237,E
5810,5830,3,2,237,E
5830,5794,3,2,237,E
5851,5810,2,2,237,E
5853,5851,2,2,237,E
5868,5853,2,2,237,E
5870,5868,2,2,237,E
9042,20197,1,2,237,E
9043,9042,1,2,237,E
9047,9043,1,2,237,E
9051,20199,1,2,237,E
9059,20200,1,2,237,E
10141,10142,1,2,237,E
10142,10143,1,2,237,E
10143,20202,1,2,237,E
10199,10141,1,2,237,E
20199,9047,1,2,237,E
20200,9051,1,2,237,E
20202,9059,1,2,237,E
4392,5804,3,3,237,W
4862,5829,2,2,237,W
4999,5512,2,2,237,W
5495,5631,2,2,237,W
5503,4999,2,2,237,W
5510,5495,3,2,237,W
5512,5535,2,2,237,W
5535,5536,2,2,237,W
5536,5510,2,2,237,W
5649,5668,2,2,237,W
5668,5841,2,2,237,W
5765,5779,2,7,237,W
5779,5780,2,3,237,W
5780,5806,3,3,237,W
5797,5838,2,2,237,W
5803,5797,3,3,237,W
5804,5803,3,3,237,W
5806,4392,2,3,237,W
5809,5811,4,2,237,W
5811,5852,3,2,237,W
5826,5503,2,2,237,W
5827,5826,2,2,237,W
5829,5827,2,2,237,W
5831,5838,1,2,237,W
5831,9038,1,2,237,W
5838,5809,4,2,237,W
5841,5842,2,2,237,W
5842,4862,2,2,237,W
5852,5862,2,2,237,W
5862,5869,2,2,237,W
5869,5873,2,2,237,W
5873,5649,2,2,237,W
9038,9044,1,2,237,W
9044,20198,1,2,237,W
9048,9050,1,2,237,W
9050,9056,1,2,237,W
9056,20201,1,2,237,W
9060,20203,1,2,237,W
10139,10140,1,2,237,W
10140,20204,1,2,237,W
20198,9048,1,2,237,W
20201,9060,1,2,237,W
20203,10139,1,2,237,W
3088,3694,2,7,238,N
3378,3377,1,1,238,N
3411,3498,3,2,238,N
3412,3411,3,2,238,N
3413,3412,3,2,238,N
3432,3378,2,2,238,N
3433,3432,3,2,238,N
3518,3479,1,5,238,N
3520,3518,3,7,238,N
3522,12219,3,7,238,N
3523,3522,3,7,238,N
3525,3523,3,7,238,N
3545,3580,2,7,238,N
3546,3553,2,7,238,N
3547,3546,2,7,238,N
3548,3547,2,7,238,N
3549,3548,2,7,238,N
3553,3545,2,7,238,N
3579,12263,3,7,238,N
3580,3579,3,7,238,N
3694,12136,2,7,238,N
3721,3732,3,7,238,N
3722,3088,3,7,238,N
3732,3722,3,7,238,N
3733,3721,2,7,238,N
3734,3733,2,7,238,N
3798,3799,1,7,238,N
3798,3801,2,7,238,N
3801,12148,2,7,238,N
3803,12048,2,7,238,N
3806,3807,2,7,238,N
3807,3836,2,7,238,N
3808,3829,2,7,238,N
3826,3945,2,7,238,N
3829,3826,2,7,238,N
3836,3808,2,7,238,N
3939,3798,3,7,238,N
3945,3803,2,7,238,N
12048,3939,2,7,238,N
12136,3549,3,7,238,N
12148,20368,2,7,238,N
12219,3520,3,7,238,N
12261,12263,3,7,238,N
12263,3525,3,7,238,N
20368,3734,2,7,238,N
3088,3722,3,7,238,S
3399,3422,2,1,238,S
3422,3413,3,2,238,S
3434,3518,1,5,238,S
3435,3433,3,2,238,S
3437,3435,3,2,238,S
3478,3437,3,2,238,S
3518,3520,3,7,238,S
3520,12219,3,7,238,S
3522,3523,3,7,238,S
3523,3525,3,7,238,S
3525,12263,3,7,238,S
3545,3553,2,7,238,S
3546,3547,2,7,238,S
3547,3548,2,7,238,S
3548,3549,2,7,238,S
3549,12136,3,7,238,S
3553,3546,2,7,238,S
3579,3580,3,7,238,S
3580,3545,2,7,238,S
3694,3088,2,7,238,S
3721,3733,2,7,238,S
3722,3732,3,7,238,S
3732,3721,3,7,238,S
3733,3734,2,7,238,S
3734,20368,2,7,238,S
3798,3939,3,7,238,S
3799,3798,1,7,238,S
3801,3798,2,7,238,S
3803,3945,2,7,238,S
3807,3806,2,7,238,S
3808,3836,2,7,238,S
3826,3829,2,7,238,S
3829,3808,2,7,238,S
3836,3807,2,7,238,S
3939,12048,2,7,238,S
3945,3826,2,7,238,S
12048,3803,2,7,238,S
12136,3694,2,7,238,S
12148,3801,2,7,238,S
12219,3522,3,7,238,S
12263,3579,3,7,238,S
20368,12148,2,7,238,S
2023,2059,2,1,242,N
2024,2030,4,2,242,N
2026,2024,3,2,242,N
2030,2023,3,2,242,N
2032,12266,3,2,242,N
2036,2032,3,2,242,N
2061,2026,3,2,242,N
12266,2061,3,2,242,N
2025,2027,3,2,242,S
2027,2129,3,2,242,S
2033,2170,2,2,242,S
2070,2025,3,2,242,S
2092,12267,3,2,242,S
2129,2092,3,2,242,S
2165,2166,2,1,242,S
2166,2070,3,2,242,S
2170,2074,2,2,242,S
12267,2033,3,2,242,S
3234,3235,2,7,260,N
3235,3236,2,7,260,N
3236,3237,2,7,260,N
3237,3269,1,7,260,N
3267,2834,2,3,260,N
3269,3267,2,3,260,N
2833,3266,2,3,260,S
3235,3234,2,7,260,S
3236,3235,2,7,260,S
3237,3236,2,7,260,S
3266,3268,2,3,260,S
3268,3237,2,7,260,S
3665,3845,2,7,262,N
3845,3864,3,7,262,N
3864,3871,3,7,262,N
3871,3872,2,7,262,N
3845,3665,2,7,262,S
3864,3879,3,7,262,S
3871,3864,3,7,262,S
3872,3871,2,7,262,S
4486,4989,5,2,280,N
4643,4677,4,2,280,N
4645,4643,4,2,280,N
4661,5570,3,2,280,N
4666,4672,3,2,280,N
4669,4666,3,2,280,N
4672,4661,3,2,280,N
4677,4679,4,2,280,N
4679,5904,4,2,280,N
4688,4692,4,2,280,N
4692,4694,3,2,280,N
4694,4696,3,2,280,N
4696,4669,3,2,280,N
4728,4688,3,2,280,N
4731,4728,4,2,280,N
4815,4731,3,2,280,N
4817,4815,4,2,280,N
4822,4817,3,2,280,N
4861,5159,5,2,280,N
4906,4907,4,2,280,N
4907,5160,4,2,280,N
4909,4906,4,2,280,N
4938,5192,4,2,280,N
4969,4975,4,2,280,N
4970,4969,4,2,280,N
4975,4938,5,2,280,N
4989,4970,4,2,280,N
5159,4822,4,2,280,N
5160,4861,5,2,280,N
5181,4909,5,2,280,N
5192,5181,5,2,280,N
5250,4486,4,2,280,N
5570,4645,3,2,280,N
5904,5905,4,2,280,N
5905,5908,4,2,280,N
5908,5919,4,2,280,N
5919,6038,4,2,280,N
5959,6633,4,2,280,N
6035,6063,4,2,280,N
6038,6035,4,2,280,N
6053,6059,4,2,280,N
6056,6062,4,2,280,N
6059,6056,4,2,280,N
6062,6084,4,2,280,N
6063,6053,4,2,280,N
6072,6079,4,2,280,N
6076,6072,4,2,280,N
6079,6269,4,2,280,N
6084,6076,4,2,280,N
6113,6636,5,2,280,N
6177,6686,5,2,280,N
6203,6242,4,2,280,N
6230,6430,4,2,280,N
6241,6230,4,2,280,N
6242,6241,4,2,280,N
6269,6276,4,2,280,N
6275,6203,4,2,280,N
6276,6275,4,2,280,N
6430,6432,4,2,280,N
6432,6438,4,2,280,N
6438,6443,4,2,280,N
6439,6504,5,2,280,N
6443,6439,4,2,280,N
6504,6505,4,2,280,N
6505,5959,5,2,280,N
6633,6645,4,2,280,N
6636,6652,4,2,280,N
6643,6113,4,2,280,N
6645,6643,4,2,280,N
6652,6710,5,2,280,N
6686,6858,3,2,280,N
6710,6177,6,2,280,N
6802,6810,5,2,280,N
6810,6816,4,1,280,N
6816,6959,2,1,280,N
6824,6825,4,2,280,N
6825,6826,4,2,280,N
6826,6860,4,2,280,N
6842,6844,4,2,280,N
6844,6824,4,2,280,N
6857,6842,4,2,280,N
6858,6857,4,2,280,N
6860,6802,4,2,280,N
6943,6962,5,2,280,N
6946,6943,4,2,280,N
6948,6946,4,2,280,N
6959,6965,3,2,280,N
6962,6956,2,2,280,N
6962,7066,2,2,280,N
6965,6967,3,2,280,N
6967,6948,4,2,280,N
10163,10164,1,2,280,N
10164,10165,1,2,280,N
10165,10166,1,2,280,N
10166,10167,1,2,280,N
10167,10652,1,2,280,N
10169,10170,1,2,280,N
10170,10171,1,2,280,N
10171,10653,1,2,280,N
10173,10174,1,2,280,N
10174,10175,1,2,280,N
10175,10176,1,2,280,N
10176,10177,1,2,280,N
10177,10178,1,2,280,N
10178,10179,1,2,280,N
10179,20440,1,2,280,N
10652,10169,1,2,280,N
10653,10173,1,2,280,N
4492,5249,4,2,280,S
4496,4990,4,2,280,S
4641,4646,3,2,280,S
4642,4641,4,2,280,S
4646,4653,3,2,280,S
4653,4654,4,2,280,S
4654,4667,3,2,280,S
4667,4668,4,2,280,S
4668,4697,3,2,280,S
4676,4642,4,2,280,S
4678,4676,4,2,280,S
4689,20538,3,2,280,S
4693,4689,4,2,280,S
4695,4693,3,2,280,S
4697,4695,3,2,280,S
4729,4730,4,2,280,S
4730,4816,3,2,280,S
4816,4819,4,2,280,S
4819,4821,4,2,280,S
4821,4866,3,2,280,S
4863,4867,4,2,280,S
4866,4863,5,2,280,S
4867,4908,4,2,280,S
4908,4910,5,2,280,S
4910,4936,4,2,280,S
4934,4496,4,2,280,S
4936,4940,5,2,280,S
4939,4976,5,2,280,S
4940,5019,4,2,280,S
4976,4934,4,2,280,S
4990,4492,4,2,280,S
5019,5020,4,2,280,S
5020,4939,4,2,280,S
5902,5903,3,2,280,S
5903,4678,4,2,280,S
5907,5902,4,2,280,S
5917,5907,4,2,280,S
6036,6039,4,2,280,S
6039,5917,4,2,280,S
6055,6058,4,2,280,S
6058,6066,4,2,280,S
6061,6055,4,2,280,S
6064,6036,4,2,280,S
6066,6064,4,2,280,S
6074,6077,4,2,280,S
6077,6083,4,2,280,S
6078,6074,5,2,280,S
6083,6061,4,2,280,S
6137,6642,4,2,280,S
6229,6243,4,2,280,S
6231,6433,4,2,280,S
6232,6648,4,2,280,S
6239,6273,4,2,280,S
6243,6258,4,2,280,S
6258,6239,4,2,280,S
6268,6078,4,2,280,S
6273,6274,4,2,280,S
6274,6268,4,2,280,S
6433,6229,4,2,280,S
6440,6232,4,2,280,S
6469,6503,4,2,280,S
6503,6440,5,2,280,S
6624,6662,4,2,280,S
6635,6137,5,2,280,S
6639,6624,4,2,280,S
6640,6639,4,2,280,S
6642,6640,4,2,280,S
6648,6231,4,2,280,S
6651,6635,4,2,280,S
6654,6651,6,2,280,S
6662,6469,4,2,280,S
6687,6654,6,2,280,S
6811,6930,4,2,280,S
6815,6811,4,1,280,S
6827,6865,4,2,280,S
6856,6687,3,2,280,S
6859,6827,4,2,280,S
6863,6881,5,2,280,S
6865,6863,5,2,280,S
6877,6856,4,2,280,S
6878,6877,4,2,280,S
6881,6878,5,2,280,S
6930,6859,4,2,280,S
6942,6945,4,2,280,S
6945,6947,4,2,280,S
6947,6966,4,2,280,S
6949,6815,2,1,280,S
6956,6961,2,2,280,S
6961,6942,4,2,280,S
6963,6961,2,2,280,S
6964,6949,3,2,280,S
6966,6964,4,2,280,S
10145,10146,1,2,280,S
10146,10147,1,2,280,S
10147,10148,1,2,280,S
10148,10149,1,2,280,S
10149,10150,1,2,280,S
10150,10151,1,2,280,S
10151,10650,1,2,280,S
10153,20539,1,2,280,S
10155,10648,1,2,280,S
10157,10158,1,2,280,S
10158,10647,1,2,280,S
10160,10161,1,2,280,S
10161,10593,1,2,280,S
10647,10160,1,2,280,S
10648,10157,1,2,280,S
10649,10145,1,2,280,S
10650,10153,1,2,280,S
10651,10155,1,2,280,S
20441,10649,1,2,280,S
20538,4729,3,2,280,S
20539,10651,1,2,280,S
6490,6591,2,2,380,E
6493,6497,3,2,380,E
6495,6490,4,2,380,E
6497,6495,3,2,380,E
6612,6493,1,5,380,E
6778,6612,1,5,380,E
6420,6774,1,5,380,W
6491,6494,6,2,380,W
6492,6420,1,5,380,W
6494,6496,4,2,380,W
6496,6492,4,2,380,W
6591,6491,2,2,380,W
8855,8856,2,2,505,N
8856,11968,2,2,505,N
11949,8855,2,2,505,N
11968,11969,2,2,505,N
11969,11974,2,2,505,N
11974,11975,2,2,505,N
11975,11979,2,2,505,N
11979,11978,2,2,505,N
8854,11980,2,2,505,S
8857,8854,2,2,505,S
11970,11971,2,2,505,S
11971,8857,2,2,505,S
11972,11973,2,2,505,S
11973,11970,2,2,505,S
11976,11972,2,2,505,S
11977,11976,2,2,505,S
2303,2312,3,2,580,E
2312,2314,3,2,580,E
2314,2481,2,2,580,E
2338,2340,3,2,580,E
2340,2362,4,2,580,E
2352,2353,3,2,580,E
2353,2338,4,2,580,E
2356,2375,2,2,580,E
2357,2356,2,2,580,E
2362,2364,3,2,580,E
2364,2366,4,2,580,E
2366,2368,3,2,580,E
2368,2403,4,2,580,E
2375,2468,2,2,580,E
2403,2303,3,2,580,E
2468,2352,4,2,580,E
2481,2483,2,2,580,E
2702,2905,5,2,580,E
2715,2702,3,2,580,E
2716,2715,3,2,580,E
2739,3502,5,2,580,E
2759,2760,4,2,580,E
2760,8317,6,2,580,E
2764,2765,2,2,580,E
2765,2769,2,1,580,E
2766,2767,4,2,580,E
2767,2769,3,2,580,E
2769,2771,4,2,580,E
2771,2716,5,2,580,E
2821,4087,4,2,580,E
2899,4122,4,2,580,E
2904,2941,4,2,580,E
2905,2912,4,2,580,E
2912,2904,4,2,580,E
2939,3166,4,2,580,E
2941,2939,5,2,580,E
3065,3067,4,2,580,E
3067,3350,4,2,580,E
3083,3084,4,2,580,E
3084,3085,4,2,580,E
3085,3065,4,2,580,E
3117,3131,4,2,580,E
3131,3133,4,2,580,E
3133,3083,4,2,580,E
3143,3117,4,2,580,E
3165,3143,4,2,580,E
3166,3165,4,2,580,E
3335,3443,4,2,580,E
3337,3335,4,2,580,E
3338,3337,4,2,580,E
3350,3353,5,2,580,E
3353,3338,4,2,580,E
3434,3498,3,1,580,E
3438,3444,4,2,580,E
3443,3438,4,2,580,E
3444,3445,4,2,580,E
3445,3434,4,2,580,E
3498,2739,5,2,580,E
3502,3576,4,2,580,E
3542,4016,4,2,580,E
3576,3542,4,2,580,E
3992,4047,4,2,580,E
3994,3992,4,2,580,E
3995,4040,4,2,580,E
4002,3994,6,2,580,E
4013,4015,4,2,580,E
4015,4030,5,2,580,E
4016,4013,4,2,580,E
4030,4002,4,2,580,E
4040,2759,5,2,580,E
4045,3995,5,2,580,E
4047,4045,4,2,580,E
4074,4079,5,2,580,E
4079,4080,4,2,580,E
4080,2821,5,2,580,E
4087,4088,6,2,580,E
4088,4114,4,2,580,E
4114,4116,5,2,580,E
4115,2899,5,2,580,E
4116,4115,4,2,580,E
4122,4124,4,2,580,E
4124,4111,4,2,580,E
7853,2341,2,2,580,E
7896,7853,2,2,580,E
7901,7896,2,2,580,E
8317,8319,4,2,580,E
8319,8775,5,2,580,E
8772,8773,4,2,580,E
8773,4074,5,2,580,E
8775,8772,4,2,580,E
9407,9408,2,2,580,E
9408,9409,2,2,580,E
9409,9410,2,2,580,E
9410,9411,2,2,580,E
9411,9412,2,2,580,E
9412,9466,2,2,580,E
9413,9414,2,2,580,E
9414,9415,2,2,580,E
9415,9416,2,2,580,E
9416,9417,2,2,580,E
9417,9418,1,2,580,E
9418,9463,1,2,580,E
9432,9407,1,2,580,E
9463,9465,1,2,580,E
9465,9808,1,2,580,E
9466,9413,2,2,580,E
9527,9528,1,2,580,E
9528,9529,1,2,580,E
9529,9432,1,2,580,E
2247,2477,3,2,580,W
2313,2393,3,2,580,W
2337,2361,4,2,580,W
2339,2337,3,2,580,W
2342,7894,2,2,580,W
2358,2342,2,2,580,W
2360,2247,3,2,580,W
2361,2360,3,2,580,W
2363,2339,3,2,580,W
2365,2363,3,2,580,W
2367,2365,4,2,580,W
2369,2367,3,2,580,W
2393,2402,3,2,580,W
2402,2369,3,2,580,W
2477,2242,3,2,580,W
2482,2485,2,2,580,W
2485,2490,2,2,580,W
2490,2313,3,2,580,W
2701,2711,4,2,580,W
2708,2701,3,2,580,W
2711,2772,5,2,580,W
2755,3500,5,2,580,W
2757,4039,4,2,580,W
2758,2757,4,2,580,W
2772,2773,5,2,580,W
2773,2777,2,1,580,W
2773,2779,3,2,580,W
2777,2778,2,2,580,W
2897,4103,4,2,580,W
2902,2911,4,2,580,W
2903,2902,4,2,580,W
2906,2708,5,2,580,W
2911,2906,4,2,580,W
2936,4123,4,2,580,W
2958,2959,4,2,580,W
2959,2963,4,2,580,W
2963,2964,4,2,580,W
2964,2903,4,2,580,W
3054,3126,4,2,580,W
3055,3054,4,2,580,W
3061,3354,4,2,580,W
3062,3061,4,2,580,W
3066,3086,4,2,580,W
3068,3066,4,2,580,W
3086,3055,4,2,580,W
3116,3144,4,2,580,W
3126,3132,4,2,580,W
3132,3116,4,2,580,W
3144,2958,4,2,580,W
3351,3068,4,2,580,W
3354,3351,4,2,580,W
3447,3453,4,2,580,W
3453,3062,4,2,580,W
3478,3479,3,1,580,W
3479,3482,4,2,580,W
3480,3447,4,2,580,W
3481,3480,4,2,580,W
3482,3481,4,2,580,W
3500,3478,5,2,580,W
3501,2755,5,2,580,W
3533,3501,4,2,580,W
3534,3533,4,2,580,W
3959,3534,4,2,580,W
3960,3959,4,2,580,W
3961,3963,4,2,580,W
3963,3960,5,2,580,W
3970,3961,5,2,580,W
3974,3976,4,2,580,W
3976,3982,5,2,580,W
3982,3970,3,2,580,W
3986,4046,4,2,580,W
4039,3986,4,2,580,W
4046,4048,4,2,580,W
4048,3974,4,2,580,W
4096,8770,4,2,580,W
4097,2897,4,2,580,W
4098,4097,4,2,580,W
4103,4104,4,2,580,W
4104,4096,4,2,580,W
4110,4120,4,2,580,W
4112,4098,4,2,580,W
4113,4112,4,2,580,W
4118,2936,4,2,580,W
4120,4118,4,2,580,W
4123,4113,4,2,580,W
7894,7895,2,2,580,W
7895,7993,2,2,580,W
7993,7902,2,2,580,W
8316,2758,4,2,580,W
8318,8316,4,2,580,W
8770,8771,4,2,580,W
8771,8318,4,2,580,W
9419,9420,1,2,580,W
9420,9421,1,2,580,W
9421,9422,1,2,580,W
9422,9461,1,2,580,W
9424,9425,1,2,580,W
9425,9426,1,2,580,W
9426,9427,1,2,580,W
9427,9428,1,2,580,W
9428,9429,1,2,580,W
9429,9430,1,2,580,W
9430,9431,1,2,580,W
9431,9474,1,2,580,W
9461,9424,1,2,580,W
9462,9419,1,2,580,W
9464,9462,1,2,580,W
9473,9475,1,2,580,W
9474,9473,1,2,580,W
9475,9476,1,2,580,W
9476,9477,1,2,580,W
9477,9478,1,2,580,W
9478,9818,1,2,580,W
9809,9464,1,2,580,W
9818,9819,1,2,580,W
10601,10607,1,2,580,W
20294,10601,1,2,580,W
1717,10657,4,2,680,N
1723,1717,3,2,680,N
1737,1780,3,2,680,N
1739,1737,4,2,680,N
1741,1723,3,2,680,N
1742,1739,3,2,680,N
1780,1991,4,2,680,N
1782,8501,4,2,680,N
1783,1793,3,2,680,N
1793,1795,3,2,680,N
1795,1797,3,2,680,N
1797,1968,3,2,680,N
1944,1945,5,2,680,N
1945,1948,5,2,680,N
1948,1949,6,2,680,N
1949,1951,3,2,680,N
1950,1955,6,2,680,N
1951,1950,3,2,680,N
1955,1974,5,2,680,N
1968,1944,4,2,680,N
1973,2082,5,2,680,N
1974,1973,6,2,680,N
1991,1782,3,2,680,N
2014,1783,3,2,680,N
2036,2057,3,2,680,N
2039,2043,3,2,680,N
2041,2047,4,2,680,N
2043,2041,3,2,680,N
2047,2148,3,2,680,N
2057,2039,3,2,680,N
2075,2077,5,2,680,N
2077,2036,6,2,680,N
2082,2075,6,2,680,N
2130,2142,7,6,680,N
2132,2135,3,2,680,N
2135,2130,3,2,680,N
2138,2132,3,2,680,N
2142,11596,5,2,680,N
2148,2138,3,2,680,N
2528,4050,3,2,680,N
2555,2528,3,2,680,N
2569,2555,4,2,680,N
2581,2569,4,2,680,N
2615,2581,4,2,680,N
3583,3819,3,2,680,N
3585,3583,3,2,680,N
3804,2615,4,2,680,N
3814,3822,3,2,680,N
3819,10309,3,2,680,N
3820,3814,3,2,680,N
3822,3804,3,2,680,N
3866,3869,3,2,680,N
3869,3873,3,2,680,N
3873,3585,3,2,680,N
3972,1741,4,2,680,N
3983,4019,5,2,680,N
4001,4105,3,2,680,N
4003,3983,3,2,680,N
4019,3972,5,2,680,N
4026,4027,3,2,680,N
4027,4001,3,2,680,N
4050,4059,3,2,680,N
4059,4061,3,2,680,N
4061,4026,3,2,680,N
4105,4135,3,2,680,N
4135,4003,4,2,680,N
4846,5253,4,2,680,N
5214,4846,4,2,680,N
5245,5753,4,2,680,N
5249,5214,6,2,680,N
5252,5245,4,2,680,N
5253,5252,4,2,680,N
5737,5755,5,2,680,N
5752,5789,4,2,680,N
5753,5737,4,2,680,N
5755,5752,4,2,680,N
5774,3866,3,2,680,N
5775,5774,3,2,680,N
5776,5775,3,2,680,N
5782,5776,4,2,680,N
5787,5782,3,2,680,N
5789,5792,4,2,680,N
5792,5787,4,2,680,N
8501,8503,3,2,680,N
8503,2014,3,2,680,N
9017,9018,1,2,680,N
9018,9019,1,2,680,N
9019,10658,1,2,680,N
9020,9021,1,2,680,N
9021,9022,1,2,680,N
9022,9023,1,2,680,N
9023,9024,1,2,680,N
9024,9025,1,2,680,N
9025,9026,1,2,680,N
9026,9027,1,2,680,N
9027,9028,1,2,680,N
9028,9029,1,2,680,N
9029,9030,1,2,680,N
9030,9031,1,2,680,N
9031,9032,1,2,680,N
9032,9741,1,2,680,N
9236,9239,1,2,680,N
9239,9241,1,2,680,N
9241,10036,1,2,680,N
9243,9244,1,2,680,N
9244,10603,1,2,680,N
9549,9017,1,2,680,N
9739,9740,1,2,680,N
9740,9236,1,2,680,N
10007,10005,1,2,680,N
10036,20000,1,2,680,N
10309,3820,3,2,680,N
10537,11832,2,2,680,N
10538,10537,2,2,680,N
10602,10007,1,2,680,N
10657,1742,4,2,680,N
10658,9020,1,2,680,N
11058,10538,2,2,680,N
11060,11058,2,2,680,N
11596,11628,2,2,680,N
11628,11629,2,2,680,N
11629,11630,2,2,680,N
11630,11060,2,2,680,N
11832,11816,2,2,680,N
20000,9243,1,2,680,N
1718,1724,3,2,680,S
1724,1740,3,2,680,S
1740,3973,3,2,680,S
1749,1757,3,2,680,S
1750,1990,3,2,680,S
1757,1758,4,2,680,S
1758,1759,3,2,680,S
1759,10656,4,2,680,S
1764,1996,3,2,680,S
1766,1764,3,2,680,S
1771,1766,3,2,680,S
1773,1771,3,2,680,S
1878,1773,4,2,680,S
1880,1878,5,2,680,S
1882,1880,5,2,680,S
1884,1882,6,2,680,S
1885,1884,6,2,680,S
1917,2109,4,2,680,S
1918,1917,7,2,680,S
1919,1918,6,2,680,S
1921,1919,5,2,680,S
1922,1921,5,2,680,S
1924,1922,5,2,680,S
1934,1924,5,2,680,S
1990,1749,4,2,680,S
1996,8504,3,2,680,S
2038,2089,3,2,680,S
2044,2038,4,2,680,S
2073,1934,6,2,680,S
2074,2171,5,2,680,S
2081,2074,3,2,680,S
2089,2081,3,2,680,S
2094,2098,4,2,680,S
2098,2044,3,2,680,S
2109,1885,4,2,680,S
2131,2136,3,2,680,S
2133,2139,3,2,680,S
2136,2133,3,2,680,S
2139,2145,3,2,680,S
2145,2094,3,2,680,S
2171,2073,6,2,680,S
2454,2554,3,2,680,S
2554,2564,3,2,680,S
2564,2580,3,2,680,S
2580,2582,3,2,680,S
2582,3805,3,2,680,S
3582,3584,3,2,680,S
3584,3874,3,2,680,S
3805,3821,3,2,680,S
3813,3817,3,2,680,S
3817,10308,3,2,680,S
3818,3582,3,2,680,S
3821,3813,3,2,680,S
3867,5773,3,2,680,S
3870,3867,3,2,680,S
3874,3870,3,2,680,S
3971,4029,3,2,680,S
3973,4011,5,2,680,S
4000,4028,3,2,680,S
4011,3971,3,2,680,S
4025,4062,3,2,680,S
4028,4025,3,2,680,S
4029,4134,4,2,680,S
4051,2454,3,2,680,S
4060,4051,3,2,680,S
4062,4060,3,2,680,S
4106,4000,3,2,680,S
4134,4106,3,2,680,S
4813,5215,4,2,680,S
5215,5250,6,2,680,S
5246,5251,4,2,680,S
5247,4813,4,2,680,S
5251,5247,4,2,680,S
5735,5736,5,2,680,S
5736,5754,4,2,680,S
5751,5735,4,2,680,S
5754,5246,4,2,680,S
5773,5777,3,2,680,S
5777,5778,3,2,680,S
5778,5781,4,2,680,S
5781,5788,3,2,680,S
5788,5791,4,2,680,S
5790,5751,4,2,680,S
5791,5790,4,2,680,S
8502,1750,4,2,680,S
8504,8502,3,2,680,S
9000,9001,1,2,680,S
9001,9002,1,2,680,S
9002,9003,1,2,680,S
9003,9004,1,2,680,S
9004,9005,1,2,680,S
9005,9006,1,2,680,S
9006,9007,1,2,680,S
9007,9008,1,2,680,S
9008,9009,1,2,680,S
9009,9010,1,2,680,S
9010,9011,1,2,680,S
9011,9012,1,2,680,S
9012,10040,1,2,680,S
9013,9014,1,2,680,S
9014,10654,1,2,680,S
9175,10621,1,2,680,S
9187,10624,1,2,680,S
9234,10665,1,2,680,S
9235,10662,1,2,680,S
9238,10667,1,2,680,S
9240,10668,1,2,680,S
9242,10038,1,2,680,S
9247,9248,1,2,680,S
9248,20001,1,2,680,S
9259,10626,1,2,680,S
9261,10627,1,2,680,S
9264,10628,1,2,680,S
9267,10629,1,2,680,S
9271,10633,1,2,680,S
9342,9261,1,2,680,S
9451,9000,1,2,680,S
10038,9240,1,2,680,S
10040,9013,1,2,680,S
10308,3818,3,2,680,S
10535,10536,2,2,680,S
10536,11059,2,2,680,S
10620,10622,1,2,680,S
10621,10620,1,2,680,S
10622,9187,1,2,680,S
10623,10625,1,2,680,S
10624,10623,1,2,680,S
10625,9259,1,2,680,S
10626,9342,1,2,680,S
10627,9264,1,2,680,S
10628,9267,1,2,680,S
10629,10632,1,2,680,S
10632,9271,1,2,680,S
10633,10630,1,2,680,S
10654,9016,1,2,680,S
10656,1718,4,2,680,S
10664,9235,1,2,680,S
10665,10664,1,2,680,S
10666,9234,1,2,680,S
10667,10666,1,2,680,S
10668,9238,1,2,680,S
11059,11061,2,2,680,S
11061,11625,2,2,680,S
11597,11683,4,2,680,S
11625,11626,2,2,680,S
11626,11627,2,2,680,S
11627,11597,2,2,680,S
11683,2131,4,2,680,S
11817,11831,2,2,680,S
11831,10535,2,2,680,S
20001,9242,1,2,680,S
11647,11658,2,2,780,E
11653,11647,2,2,780,E
11926,11653,2,2,780,E
11657,11668,2,2,780,W
11668,11704,2,2,780,W
11704,11927,2,2,780,W
2409,2496,3,2,880,N
2496,2499,3,2,880,N
2499,2526,3,2,880,N
2526,2601,4,2,880,N
2539,10506,2,2,880,N
2598,2788,2,1,880,N
2601,2539,2,2,880,N
2601,2598,2,1,880,N
2646,3678,4,2,880,N
2649,2646,3,2,880,N
2663,2664,4,2,880,N
2664,3315,5,2,880,N
2684,2806,4,2,880,N
2806,2810,4,2,880,N
2810,2826,5,2,880,N
2826,2409,3,2,880,N
3183,3188,4,2,880,N
3188,2684,4,2,880,N
3190,3183,4,2,880,N
3291,3293,5,2,880,N
3293,3297,4,2,880,N
3297,2663,4,2,880,N
3315,3190,4,2,880,N
3360,3361,5,2,880,N
3361,3363,5,2,880,N
3363,3365,4,2,880,N
3365,3291,4,2,880,N
3377,3382,5,2,880,N
3382,3360,4,2,880,N
3415,3419,3,2,880,N
3419,3420,4,2,880,N
3420,3377,4,2,880,N
3597,3598,4,2,880,N
3598,3600,4,2,880,N
3600,3602,5,2,880,N
3602,3605,4,2,880,N
3605,3415,5,2,880,N
3666,3667,4,2,880,N
3667,3597,3,2,880,N
3678,3666,3,2,880,N
3705,3709,3,2,880,N
3709,3711,4,2,880,N
3711,3714,4,2,880,N
3714,2649,3,2,880,N
3745,3746,3,2,880,N
3746,3748,3,2,880,N
3748,3705,3,2,880,N
3750,3745,3,2,880,N
3751,3750,4,2,880,N
3775,3751,3,2,880,N
3776,3775,4,2,880,N
3778,3776,3,2,880,N
3843,3847,4,2,880,N
3847,3849,4,2,880,N
3849,3851,3,2,880,N
3851,3854,3,2,880,N
3854,3920,3,2,880,N
3920,3929,3,2,880,N
3929,3931,3,2,880,N
3931,3778,4,2,880,N
4252,5795,4,2,880,N
5039,5717,3,2,880,N
5060,5062,3,2,880,N
5062,5039,4,2,880,N
5083,5060,3,2,880,N
5085,5083,3,2,880,N
5099,5798,4,2,880,N
5101,5099,3,2,880,N
5103,5085,4,2,880,N
5105,5103,4,2,880,N
5142,5105,4,2,880,N
5144,5142,3,2,880,N
5145,5144,4,2,880,N
5146,5145,3,2,880,N
5153,5146,3,2,880,N
5710,5799,3,2,880,N
5711,5710,3,2,880,N
5712,5711,3,2,880,N
5713,5712,3,2,880,N
5714,5713,3,2,880,N
5717,5714,3,2,880,N
5795,3843,5,2,880,N
5796,4252,5,2,880,N
5798,5796,3,2,880,N
5799,5101,4,2,880,N
8918,8919,1,2,880,N
8919,20238,1,2,880,N
8921,20234,1,2,880,N
8923,20232,1,2,880,N
8925,20230,1,2,880,N
8927,8928,1,2,880,N
8928,8929,1,2,880,N
8998,20240,1,2,880,N
9041,8998,1,2,880,N
9049,9202,1,2,880,N
9172,9041,1,2,880,N
9174,9172,1,2,880,N
9176,9174,1,2,880,N
9180,20193,1,2,880,N
9182,9180,1,2,880,N
9184,9182,1,2,880,N
9188,20195,1,2,880,N
9190,9188,1,2,880,N
9192,9190,1,2,880,N
9194,9192,1,2,880,N
9196,9194,1,2,880,N
9198,9196,1,2,880,N
9200,9198,1,2,880,N
9202,9200,1,2,880,N
9453,20197,1,2,880,N
9455,9453,1,2,880,N
9457,9455,1,2,880,N
9459,9457,1,2,880,N
9570,9571,1,2,880,N
9571,9572,1,2,880,N
9572,9573,1,2,880,N
9573,9574,1,2,880,N
9574,9459,1,2,880,N
10387,10388,1,1,880,N
10387,20433,1,2,880,N
10388,9865,1,1,880,N
10506,2778,2,2,880,N
20193,9176,1,2,880,N
20195,9184,1,2,880,N
20197,9049,1,2,880,N
20230,8927,1,2,880,N
20232,8925,1,2,880,N
20234,8923,1,2,880,N
20236,8921,1,2,880,N
20238,20236,1,2,880,N
20240,8918,1,2,880,N
20433,20434,1,2,880,N
20434,8994,1,2,880,N
20450,20451,1,2,880,N
2459,2805,3,2,880,S
2498,2785,3,2,880,S
2500,2498,3,2,880,S
2503,2500,3,2,880,S
2529,2503,3,2,880,S
2540,2529,3,2,880,S
2597,2529,2,1,880,S
2645,2693,3,2,880,S
2665,2682,4,2,880,S
2682,3296,4,2,880,S
2693,3715,3,2,880,S
2737,2738,4,2,880,S
2738,3189,4,2,880,S
2764,2540,3,2,880,S
2785,2459,3,2,880,S
2787,2597,2,1,880,S
2805,2808,4,2,880,S
2808,2737,4,2,880,S
3184,3191,4,2,880,S
3189,3184,4,2,880,S
3191,3316,4,2,880,S
3278,3400,4,2,880,S
3279,3278,5,2,880,S
3281,3279,4,2,880,S
3289,3281,4,2,880,S
3292,3289,4,2,880,S
3294,3292,5,2,880,S
3296,3294,4,2,880,S
3316,2665,4,2,880,S
3396,3416,3,2,880,S
3397,3396,3,2,880,S
3399,3397,3,2,880,S
3400,3399,4,2,880,S
3416,3606,4,2,880,S
3601,3640,4,2,880,S
3603,3601,5,2,880,S
3606,3603,4,2,880,S
3637,3679,3,2,880,S
3638,3637,4,2,880,S
3639,3638,3,2,880,S
3640,3639,4,2,880,S
3679,2645,4,2,880,S
3706,3857,3,2,880,S
3710,3706,3,2,880,S
3712,3710,4,2,880,S
3715,3712,3,2,880,S
3844,4485,5,2,880,S
3846,3844,3,2,880,S
3850,3846,4,2,880,S
3852,3850,3,2,880,S
3855,3852,3,2,880,S
3856,3855,3,2,880,S
3857,3859,3,2,880,S
3859,3887,3,2,880,S
3887,3889,3,2,880,S
3889,3890,3,2,880,S
3890,3911,3,2,880,S
3903,3905,3,2,880,S
3905,3856,3,2,880,S
3911,3912,3,2,880,S
3912,3914,3,2,880,S
3914,3903,3,2,880,S
4485,5812,4,2,880,S
4823,4826,3,2,880,S
5098,5100,3,2,880,S
5100,5682,4,2,880,S
5122,5124,3,2,880,S
5124,5126,4,2,880,S
5126,4823,3,2,880,S
5271,5272,5,2,880,S
5272,5274,3,2,880,S
5274,5277,3,2,880,S
5276,5292,3,2,880,S
5277,5276,3,2,880,S
5292,5294,3,2,880,S
5294,5122,4,2,880,S
5681,5098,3,2,880,S
5682,5684,3,2,880,S
5684,5685,3,2,880,S
5685,5686,3,2,880,S
5686,5688,3,2,880,S
5688,5689,3,2,880,S
5689,5691,3,2,880,S
5691,5271,4,2,880,S
5812,5831,5,2,880,S
5831,5681,4,2,880,S
8900,8901,1,2,880,S
8901,8903,1,2,880,S
8903,8904,1,2,880,S
8904,8905,1,2,880,S
8905,20229,1,2,880,S
8907,20231,1,2,880,S
8909,20233,1,2,880,S
8911,20235,1,2,880,S
8913,20237,1,2,880,S
8914,20239,1,2,880,S
8916,8996,1,2,880,S
8996,9039,1,2,880,S
9039,9125,1,2,880,S
9046,20196,1,2,880,S
9125,9173,1,2,880,S
9173,20241,1,2,880,S
9177,9179,1,2,880,S
9179,9181,1,2,880,S
9181,20194,1,2,880,S
9185,20242,1,2,880,S
9189,9191,1,2,880,S
9191,9193,1,2,880,S
9193,9195,1,2,880,S
9195,9197,1,2,880,S
9197,9199,1,2,880,S
9199,9201,1,2,880,S
9201,9046,1,2,880,S
9452,9454,1,2,880,S
9454,9456,1,2,880,S
9456,9458,1,2,880,S
9458,9565,1,2,880,S
9557,9558,1,2,880,S
9558,9559,1,2,880,S
9559,9560,1,2,880,S
9560,8900,1,2,880,S
9565,9566,1,2,880,S
9566,9567,1,2,880,S
9567,9568,1,2,880,S
9568,9569,1,2,880,S
9569,9168,1,2,880,S
9849,9557,1,2,880,S
9851,9849,1,2,880,S
20194,9185,1,2,880,S
20196,9452,1,2,880,S
20229,8907,1,2,880,S
20231,8909,1,2,880,S
20233,8911,1,2,880,S
20235,8913,1,2,880,S
20237,8914,1,2,880,S
20239,8916,1,2,880,S
20241,9177,1,2,880,S
20242,9189,1,2,880,S
2822,2805,3,2,980,E
2823,2933,2,2,980,E
2894,2728,5,2,980,E
2933,2894,3,2,980,E
2727,2895,5,2,980,W
2826,2893,2,2,980,W
2893,2823,2,2,980,W
2895,2932,3,2,980,W
2932,2822,3,2,980,W
